recording,stepNumber,timeSeconds,stepScore,vectorJerk,dynamicAccel,directionChange
01_normal,1,2.55,1.7235919240265132,8.061439077484891,0.05856249999999996,17.916804645554826
01_normal,2,3.8,1.439262197514604,5.279204485526223,0.12724999999999997,9.719087965964388
01_normal,3,4.35,0.9405983148579088,4.697020332082901,0.17512499999999998,10.292949055048808
01_normal,4,4.85,1.7206143686173856,8.227393268830685,0.21543750000000017,17.094113934283683
01_normal,5,5.35,1.4684703369374044,7.386961486294643,0.1713125000000002,3.504234866698901
01_normal,6,6.0,1.585152250465759,3.1649328586875365,0.4227500000000002,6.334529556572412
01_normal,7,7.2,1.2217271278921402,3.314996229258802,0.30056250000000007,7.1538970786877165
01_normal,8,8.4,1.808116877323046,6.762869213580777,0.026812500000000128,13.049828002140892
01_normal,9,8.75,0.8722229353679293,7.247647894317059,0.3439375,8.225103958317652
01_normal,10,9.55,1.1854538377159425,4.176218385094284,0.0709375000000001,7.189001068722647
01_normal,11,10.6,1.108994259248646,7.321038177745167,0.12162499999999998,9.53796498604745
01_normal,12,11.8,1.4770042424390741,4.143911195959623,0.17881249999999993,2.0289528457864194
01_normal,13,13.05,1.1216350342034804,3.076491508195617,0.12493749999999992,3.80893617387668
01_normal,14,13.6,1.059236462653611,4.092627517866819,0.20481250000000006,7.400887713073464
01_normal,15,14.1,3.10913502090113,12.949254804814334,0.1200000000000001,18.243538391349276
01_normal,16,14.75,1.2705072418095733,3.2364177727851673,0.22231250000000014,4.334043466058455
01_normal,17,15.25,1.5541975980256064,3.234625171484279,0.035062499999999996,8.916669408533734
01_normal,18,15.8,0.8163813047705292,3.5644915485942255,0.1700625,1.9662564361495076
01_normal,19,16.45,2.5508185278712827,12.43926042817641,0.1117499999999999,22.778314517538945
01_normal,20,17.65,1.6373008935640085,1.8567713914212478,0.11806250000000007,4.499799798183275
01_normal,21,18.1,0.8914372213287097,6.231629000510132,0.20043749999999982,3.679842837676852
01_normal,22,18.9,1.3486080389793245,5.933936298950637,0.038374999999999826,13.657569677663764
01_normal,23,19.35,0.7669663712961151,4.182104733265239,0.12868750000000007,6.604639408036683
01_normal,24,19.95,1.2656768131055276,7.108670761823096,0.14112499999999994,13.463396162786644
01_normal,25,20.65,1.4007185418567782,4.522742530810518,0.13331249999999994,10.828733383968073
01_normal,26,21.15,1.646313143446272,4.7704926370347325,0.25475000000000003,6.622746040613738
01_normal,27,21.8,0.8390289320798924,2.602767757599553,0.23431249999999992,6.045241928794659
01_normal,28,22.4,2.0106161240847986,10.031909090497752,0.1716875,8.855605681810841
01_normal,29,23.65,2.9337083174781657,5.637233363983046,0.20224999999999993,12.767578158777257
01_normal,30,24.9,2.098001525689367,6.812547247542967,0.04006249999999989,17.253247262491634
01_normal,31,25.3,1.740970194708167,7.798999935889104,0.11956250000000002,7.512869508213692
01_normal,32,26.0,2.2175402740253904,8.515280382935018,0.36931249999999993,14.626149473689768
01_normal,33,26.65,0.8071600918081083,2.739708013639565,0.26212499999999994,5.116075750715858
01_normal,34,27.1,2.825353969938298,10.429343219973006,0.6451875,7.052825701298562
01_normal,35,27.8,2.2494138238588874,8.847915008633263,0.2958749999999999,16.427905044712357
01_normal,36,28.4,2.4196978846874444,2.054750593137882,0.12218750000000012,5.156874865054742
01_normal,37,29.0,1.0387963481867912,3.583685254036635,0.21356249999999988,7.902970982594845
01_normal,38,29.6,1.9446608362749238,5.717656862736613,0.08218750000000008,14.890342594641144
02_normal,1,2.85,0.9017798407075097,4.214546238920603,0.04718749999999994,8.333325600746296
02_normal,2,3.25,0.6951342416117874,3.021059416827161,0.331375,4.036925237669018
02_normal,3,3.95,1.9619488567307382,7.714531742108482,0.14293749999999994,19.782736158329286
02_normal,4,5.05,1.744163227927336,9.778772929156327,0.039437500000000014,14.176301257776997
02_normal,5,5.6,0.8581570640374205,5.1394941385315525,0.1544375,4.4464038788912115
02_normal,6,6.2,2.3090753789077056,11.267102555670686,0.12956250000000002,15.197015970414808
02_normal,7,6.9,1.1876984431671722,3.405701102563123,0.39112499999999994,6.752752743569506
02_normal,8,7.45,1.8625545880433378,7.055919500674619,0.3894375,14.63617160524127
02_normal,9,8.55,1.6488859776131948,8.325142641420507,0.11181249999999998,11.282272025612444
02_normal,10,9.25,0.9576858799562645,2.707027890510143,0.3443750000000001,5.6001718338779405
02_normal,11,9.75,2.2861774503470955,12.242401725151636,0.14081250000000012,20.375197327540576
02_normal,12,10.45,0.8520485750938414,4.677477952914471,0.3025,10.197422022216847
02_normal,13,11.0,1.311003744822391,5.721852846762056,0.21637499999999998,8.291723490713187
02_normal,14,12.15,1.1496900684234213,3.5817872633644283,0.07968750000000002,7.220308648214999
02_normal,15,13.4,1.2323871449708221,2.681939596635204,0.14087499999999986,3.8472054181611686
02_normal,16,13.9,0.8958434961365128,4.1327472702791175,0.15293749999999995,9.801668511787655
02_normal,17,14.5,1.5499839655725267,1.9433990840792053,0.04037500000000005,4.505692463659222
02_normal,18,15.65,2.0671919203162643,9.841564916211103,0.037250000000000005,20.82619651758026
02_normal,19,16.25,0.6859858594829022,5.419446466199218,0.34943750000000007,9.775026725978032
02_normal,20,16.95,1.1056110829990418,4.76608854302974,0.026812499999999906,4.875570816993146
02_normal,21,17.45,1.5268462297282301,6.495229018287098,0.26056250000000003,11.496824561033131
02_normal,22,18.0,1.661767654743891,1.5633297796690013,0.10856250000000012,2.831970480339371
02_normal,23,18.65,1.0049490602124027,5.349429876164681,0.2895000000000001,9.599229286254507
02_normal,24,19.25,1.1485811142327906,4.304323407923652,0.0056874999999998455,7.23379222800805
02_normal,25,19.65,0.7904734975243265,3.777300623461367,0.15606250000000021,3.771490671455343
02_normal,26,20.3,1.5739672576633108,4.784433090764186,0.192125,8.188172371545026
02_normal,27,21.5,1.2638001597126587,8.7386497812876,0.10118749999999999,13.673210907072308
02_normal,28,22.7,1.7588680191522528,12.66183241083199,0.058250000000000135,14.418636579471864
02_normal,29,23.35,0.8844634714382659,5.762048246934336,0.3171250000000001,6.236330669850188
02_normal,30,23.9,2.2277020922774367,11.418598863258783,0.07118749999999996,18.020633631431117
02_normal,31,24.55,1.041705004057679,5.36082083267098,0.22312500000000024,10.656322979947056
02_normal,32,25.15,2.2559209316912363,3.8584971167543585,0.21925000000000006,4.144726129652509
02_normal,33,26.3,2.3801471092393274,4.558289152741344,0.34162499999999996,1.5386249997247634
02_normal,34,26.9,1.2922135726699222,6.8652166753865345,0.09731249999999991,6.5212606850114865
02_normal,35,27.55,1.5224206353678402,3.918877390273848,0.1236250000000001,9.926416151593966
02_normal,36,28.2,0.7519220087370355,2.418429242297535,0.31499999999999995,5.16324261226179
02_normal,37,28.65,1.6559289827058565,4.224026515068533,0.439875,2.3613048242631023
02_normal,38,29.35,1.5085944102798419,6.331445332623419,0.24724999999999997,11.649812870858725
03_slow,1,3.35,1.516811980238775,2.6428015438166983,0.2093124999999999,5.962984385622368
03_slow,2,5.1,1.5261469479765755,1.282497563350516,0.06606249999999991,3.2897184639971857
03_slow,3,6.85,2.1793480831307526,2.720808703308642,0.1288125,4.7653979589507784
03_slow,4,7.45,0.954844620840886,3.3307056309436995,0.07774999999999999,5.301939395923454
03_slow,5,8.5,2.4089128416022163,5.401962606312557,0.1845,9.755878558670476
03_slow,6,9.2,0.8175749819487018,1.1153474794879195,0.041437500000000016,2.155911744825188
03_slow,7,9.85,1.4336096104786893,3.1771685507697622,0.12406250000000008,5.611443727099956
03_slow,8,10.95,0.9878947349296295,1.467651184716617,0.12524999999999986,3.346970686952606
03_slow,9,11.7,2.608869636892214,4.849907215607429,0.08950000000000002,10.562496160851746
03_slow,10,13.2,3.023744351469959,4.426691766997205,0.05149999999999999,12.73402109808884
03_slow,11,14.7,1.558019124286022,2.0129580224138235,0.059499999999999886,1.326870350589006
03_slow,12,15.15,0.933846252461382,2.411389640850236,0.05268749999999989,7.0247909920749585
03_slow,13,16.55,1.6917775450903434,3.8494674956413886,0.12424999999999997,6.738347497408209
03_slow,14,19.8,2.0458523369732116,2.73203221064463,0.19756249999999997,4.467772149817465
03_slow,15,20.7,1.7378773271403967,2.9580398915497663,0.05362499999999981,6.619511906128799
03_slow,16,21.45,1.6167522533156173,3.0871993780771163,0.2653749999999999,5.091664412978803
03_slow,17,23.05,1.6007152531116577,3.0734996339677245,0.021187500000000026,9.205838842813465
03_slow,18,23.9,1.808406329709711,2.494233349147732,0.10062499999999996,6.332184216422179
03_slow,19,24.5,1.8218927437931356,2.456745815097652,0.07387499999999991,4.419412346564629
03_slow,20,25.25,0.8531853740512233,0.6843975452907365,0.20087499999999991,1.501126020764892
03_slow,21,26.3,2.339400841815243,4.476337788862615,0.18331249999999988,5.899362042127377
03_slow,22,26.75,1.0085515531166243,4.205805511432917,0.24593750000000014,1.797659610282543
03_slow,23,27.7,1.9196947114561382,4.139806758775041,0.1568750000000001,8.622881078698587
03_slow,24,28.45,0.6936094656628026,1.191469680688502,0.16437499999999994,2.864392727177681
03_slow,25,29.3,2.5141233698116676,4.499822218710361,0.13131249999999994,14.035513631609671
03_slow,26,29.85,1.406704435584474,0.8268010643437644,0.2003636363636363,1.453038448662563
04_fast,1,2.45,2.0621526567837334,11.030793262499243,0.13931249999999995,14.660310691133017
04_fast,2,3.45,0.680067859155432,5.833352380921252,0.12006249999999985,7.045758897538019
04_fast,3,4.6,2.3454989957362065,13.020737306312617,0.3585625000000001,21.89970843251118
04_fast,4,6.05,1.2918718030392282,3.1891064579283133,0.46406250000000004,8.302992891133801
04_fast,5,7.65,0.8233426090622764,8.74667936990935,0.11912499999999993,6.878200508375311
04_fast,6,8.4,1.4786967705926797,9.806324489838039,0.007624999999999993,10.809141900339526
04_fast,7,9.1,1.1174372567797854,6.729338749089833,0.30212499999999987,15.002279557115436
04_fast,8,10.0,2.5217913244871455,6.119182951996037,0.4586875,26.17283954937301
04_fast,9,10.55,1.2085434224529308,8.768899588887868,0.133,7.433764778755166
04_fast,10,11.2,1.4317138783720413,11.626882643254199,0.3581875000000001,22.155655069619176
04_fast,11,12.05,0.879145656416867,8.616008356541784,0.46887499999999993,4.698899103103592
04_fast,12,12.9,1.0840857173495715,2.795782538038282,0.45025000000000015,4.352961183061068
04_fast,13,14.5,0.9165774437040755,10.263780979736318,0.04381249999999981,8.113795736703185
04_fast,14,15.0,0.9919349020660331,8.814215790414812,0.09450000000000003,8.388246965269722
04_fast,15,15.85,0.8530305267282273,1.931424344881299,0.43574999999999997,5.613116217885143
04_fast,16,16.45,0.689279059509938,8.134420692341779,0.018874999999999975,4.255317524145364
04_fast,17,17.45,3.810875854291602,16.58693461734242,0.750375,19.37702310257035
04_fast,18,18.25,1.2709403782434414,8.92882971054985,0.08987499999999993,21.82745973023097
04_fast,19,19.2,1.4768179688381595,8.959843748637457,0.008312499999999945,6.606195062381789
04_fast,20,20.65,0.8618195188199543,7.433680111492979,0.027437500000000004,4.655488346871289
04_fast,21,21.15,1.187998622078206,7.190382465488597,0.11275000000000002,11.642992727152523
04_fast,22,22.05,0.7976091880669473,7.815139154231244,0.10606250000000017,9.783053006172324
04_fast,23,23.4,1.268407679015972,6.282228903821038,0.08537499999999998,6.521163143513941
04_fast,24,24.2,1.3592701207163855,9.174399162887866,0.14093750000000016,9.37556319261621
04_fast,25,25.7,0.8180453762934841,4.209227957713801,0.2285624999999999,13.519173541386706
04_fast,26,26.25,0.879793445542643,8.169895960169756,0.4773750000000001,8.336402981193343
04_fast,27,26.9,0.956830616615228,3.025028925481713,0.41612499999999986,3.9584551201756026
04_fast,28,28.25,1.5107061530406682,8.276569337593811,0.5466250000000001,11.874275918069754
04_fast,29,28.9,0.6988674275268854,3.4099266854290744,0.320875,2.8069843381065684
05_short_arm_swings,1,1.7,1.4498440206308978,6.369112968067055,0.05556249999999996,14.69942428358112
05_short_arm_swings,2,2.3,2.1219696588059214,7.678697806269004,0.363625,6.951474359248607
05_short_arm_swings,3,2.85,1.128767143803522,8.039751239932698,0.02299999999999991,9.972443553070095
05_short_arm_swings,4,3.55,2.176317492383752,7.269993122417682,0.06318749999999995,18.9801386120762
05_short_arm_swings,5,4.5,1.8445707110197282,9.677541009988058,0.044062500000000115,6.87012085357512
05_short_arm_swings,6,5.05,1.6357497304701079,7.879720807236789,0.13387499999999997,4.281400120009319
05_short_arm_swings,7,5.6,4.318881994205267,15.995836958408955,0.1588124999999999,30.452020735871564
05_short_arm_swings,8,6.15,1.8156400255710015,6.624198064671584,0.17181250000000015,9.575148654930151
05_short_arm_swings,9,6.85,1.2685618176255427,4.962297854824938,0.11587499999999995,12.272737853517423
05_short_arm_swings,10,7.25,1.6309147195779499,8.245265308041972,0.12937500000000002,11.29796222167689
05_short_arm_swings,11,7.9,2.013293445088834,5.969723611692502,0.057624999999999926,13.021905344073625
05_short_arm_swings,12,8.35,0.8284195730560612,2.8425340807104407,0.22781249999999997,2.8598905965368404
05_short_arm_swings,13,9.0,1.7681770081406825,5.038293361843797,0.1514375000000001,9.08724001212112
05_short_arm_swings,14,9.45,1.0415926198057186,2.4334337878808747,0.3226875,4.337015609192782
05_short_arm_swings,15,10.15,2.944774860316679,6.106914114346044,0.02693750000000006,13.145947161859537
05_short_arm_swings,16,10.65,0.9023700306828228,6.053164461667875,0.10243749999999996,10.620548263314488
05_short_arm_swings,17,11.3,1.8362855095676498,6.948179617712731,0.09299999999999997,18.117035484662193
05_short_arm_swings,18,12.15,1.141637483303407,3.5415815676050224,0.2301249999999999,12.535516363926098
05_short_arm_swings,19,12.9,1.4246229332345415,7.928833457703487,0.11943750000000009,10.206103997741637
05_short_arm_swings,20,14.7,2.131326577829402,8.772912857198758,0.09499999999999997,20.95780676486967
05_short_arm_swings,21,15.35,1.3931131869344444,5.921384973129302,0.07043750000000004,11.508188881085488
05_short_arm_swings,22,15.8,2.6957008652293974,12.141515556140256,0.12368750000000006,8.564974575134412
05_short_arm_swings,23,16.35,0.7522020521445029,4.0663988982882024,0.33681249999999996,5.45634614582328
05_short_arm_swings,24,17.2,0.9107493125834631,3.4365680554878657,0.05293749999999997,5.89228330938723
05_short_arm_swings,25,18.35,0.9642504570569663,6.431982587041014,0.11943750000000009,8.391592855691218
05_short_arm_swings,26,19.65,2.2695177753093994,7.408454629678597,0.009312500000000057,18.014218770209887
05_short_arm_swings,27,20.9,2.2773996169100776,7.93881603263403,0.1953125,13.172517167533051
05_short_arm_swings,28,21.45,0.9570375433590194,6.87482363410136,0.0814999999999999,10.18257711953788
05_short_arm_swings,29,22.15,2.474264750042025,7.922019944433814,0.30962500000000004,13.842305502417915
05_short_arm_swings,30,22.7,0.8199220765092469,3.700270260399855,0.17856249999999996,5.965521797415055
05_short_arm_swings,31,23.4,2.969457208332568,2.641363284366767,0.1904999999999999,5.787254220490903
05_short_arm_swings,32,24.0,0.6832982866678114,3.3422148345071547,0.13356250000000003,2.809139802266872
05_short_arm_swings,33,24.75,3.010052118910711,9.770752274006197,0.048687499999999995,23.80227703473918
05_short_arm_swings,34,25.85,1.7453308051056524,10.770719567419656,0.1384375,12.30195747528523
05_short_arm_swings,35,26.6,0.8603879689144157,1.9549936061276239,0.15681250000000002,4.5962531886656794
05_short_arm_swings,36,27.15,2.4424557327360596,2.3580500418779566,0.15131250000000007,6.73996680329708
05_short_arm_swings,37,28.4,1.6983235424032106,4.694422222169892,0.13250000000000006,9.236885466123123
05_short_arm_swings,38,28.9,1.6489554484340794,6.267886406118453,0.42637500000000006,7.848734579639574
05_short_arm_swings,39,29.55,1.8437176338642534,9.489446769964909,0.16956249999999995,14.020336797716904
06_large_arm_swings,1,1.3,0.7325090009935353,4.548670135325265,0.36378571428571416,18.581085356543227
06_large_arm_swings,2,2.95,1.5299848498936548,5.791338359999321,0.493625,10.641923521324543
06_large_arm_swings,3,4.1,1.258559998615012,6.730289741162732,0.10875000000000001,19.835657180396833
06_large_arm_swings,4,5.5,0.7090635264293716,4.442926963162925,0.2129375,4.113640950595616
06_large_arm_swings,5,5.95,1.0753779098806404,6.569535752243099,0.07962499999999983,1.030064985440573
06_large_arm_swings,6,6.5,1.3597065325626165,2.9452334372677598,0.7011875000000001,19.67736710813344
06_large_arm_swings,7,7.9,1.9638960909281893,8.724700567927695,0.2241875000000001,9.505418676343112
06_large_arm_swings,8,9.25,1.4642826439488472,4.833342528726816,0.4409375,23.277055649334347
06_large_arm_swings,9,10.6,2.5696948055874294,8.358612325021598,0.33981249999999996,39.601607648519334
06_large_arm_swings,10,11.95,1.935345834184148,2.4878102821558286,0.7126875,24.104274455902903
06_large_arm_swings,11,13.35,1.995743023932999,5.480839351778273,0.59425,49.96599132378637
06_large_arm_swings,12,14.7,2.0335687976376424,3.2250271316688868,0.59975,6.2849525816810745
06_large_arm_swings,13,16.05,1.1653612616580584,3.692424677633873,0.5215000000000001,13.690350477651167
06_large_arm_swings,14,17.1,1.124160041757098,7.923686010942018,0.13931249999999984,16.334811026642967
06_large_arm_swings,15,17.5,1.3000161537244246,6.800294111286562,0.1161875,12.976706988073275
06_large_arm_swings,16,18.35,1.1405640740686336,5.514018498336684,0.43799999999999994,5.029482307082465
06_large_arm_swings,17,18.9,1.428133002829906,5.423836280715279,0.02575000000000005,10.323383707614695
06_large_arm_swings,18,19.9,0.7288395430500877,6.466467350880597,0.07600000000000007,12.929379369461381
06_large_arm_swings,19,20.3,2.7008496597755616,8.114998459642376,0.2310000000000001,27.7220524354376
06_large_arm_swings,20,21.7,1.4825959580679633,10.018722473449253,0.03387499999999988,19.124621395075145
06_large_arm_swings,21,22.9,1.657542127232271,2.131947466519876,0.708125,17.69280399213991
06_large_arm_swings,22,24.35,2.9954719392268845,4.286303768983187,0.71275,51.12046130957824
06_large_arm_swings,23,25.9,1.9039148510891097,11.845623664460051,0.8418749999999999,15.251762466495114
06_large_arm_swings,24,27.1,1.6253542825518295,9.37682248952157,0.13756250000000003,17.882287726819442
06_large_arm_swings,25,28.5,1.0133405238983457,10.140414192723934,0.455125,8.393547576126013
06_large_arm_swings,26,29.3,1.6696700816928998,10.465390580384325,0.3946875000000001,9.025009068506625
06_large_arm_swings,27,29.75,1.3160503600263773,9.465600878972104,0.2946923076923078,7.060357145209928
07_relaxed_arms,1,2.85,1.8096951505935,7.576542747190131,0.12506250000000008,18.489193976785412
07_relaxed_arms,2,4.15,1.509424852761715,4.874299949736303,0.09181249999999996,13.052240655151992
07_relaxed_arms,3,5.3,1.368468456616605,5.335203838655108,0.09281249999999996,13.175050945279649
07_relaxed_arms,4,5.8,1.043364980833519,4.744891990340787,0.2853125000000001,6.021252852296472
07_relaxed_arms,5,6.45,1.8971741774475246,11.663841562709987,0.08518749999999997,21.75453734214206
07_relaxed_arms,6,6.95,1.4042357377943044,8.50247022929222,0.19237499999999996,7.545308826558388
07_relaxed_arms,7,7.65,2.4545552190532853,3.125763906631421,0.016000000000000014,7.7058508594661
07_relaxed_arms,8,8.15,1.028763262473961,5.169951643874363,0.4279375000000001,3.873756534179796
07_relaxed_arms,9,8.85,2.0906867840568926,6.22286107831451,0.11306249999999995,16.72964395805994
07_relaxed_arms,10,9.45,1.0580880568184925,2.808914381037688,0.004187500000000011,3.7343636976168337
07_relaxed_arms,11,10.05,1.8189436070236464,11.436275617524974,0.14100000000000013,23.584465915222843
07_relaxed_arms,12,11.25,2.5727335446465616,7.73506302495321,0.11862499999999998,16.84852547311671
07_relaxed_arms,13,11.75,1.7445593098861192,1.5871987903220965,0.45362500000000017,2.6286185240071043
07_relaxed_arms,14,12.45,2.455141280366061,4.5285317708945,0.22887500000000005,13.817998484499137
07_relaxed_arms,15,13.0,1.8611260975426225,8.973137689793786,0.29925,11.563904619979281
07_relaxed_arms,16,13.65,2.580187890997712,6.294982128648091,0.03531249999999997,12.079553863947885
07_relaxed_arms,17,14.15,1.5631515905867495,6.079572353381362,0.5179374999999999,5.415962873354303
07_relaxed_arms,18,14.9,1.6310082417367096,6.0940626842853325,0.15018749999999992,10.85770386845929
07_relaxed_arms,19,15.35,0.8469428086404327,1.288409872672539,0.34575,1.8372795014514687
07_relaxed_arms,20,16.0,3.1628349113990435,11.846822358759164,0.34443750000000006,15.393940708394338
07_relaxed_arms,21,16.6,0.99624925317212,5.590491928265268,0.21399999999999997,8.391018583552285
07_relaxed_arms,22,17.25,1.8889357976116312,7.5449585817284905,0.14756249999999993,17.779514435308577
07_relaxed_arms,23,17.75,1.8341859299584673,3.3203011911571627,0.5086249999999999,4.5387770411086406
07_relaxed_arms,24,18.65,2.2569785909545566,6.1069468640233175,0.04937499999999995,7.44382035783744
07_relaxed_arms,25,19.05,1.1231193038815512,7.164439964156204,0.224375,11.133198296218357
07_relaxed_arms,26,19.85,1.8431194590999462,1.1617228585165917,0.01550000000000007,3.3328817845940866
07_relaxed_arms,27,20.35,0.8273212199558179,2.4216523284732308,0.3466874999999999,5.162452319640471
07_relaxed_arms,28,21.0,2.0919851343919404,10.807571420073831,0.1524375,16.733050313810622
07_relaxed_arms,29,21.6,1.487355242918106,5.044799302251705,0.34775,9.372360946367209
07_relaxed_arms,30,22.3,2.6782688981538634,3.756860391337373,0.11693750000000003,12.840209826363484
07_relaxed_arms,31,22.8,0.8656100823488192,4.183682588342418,0.3054999999999999,6.575419092529066
07_relaxed_arms,32,23.45,1.9250835586659871,7.096844369154405,0.22506249999999994,7.107744304389692
07_relaxed_arms,33,24.05,1.455878715498388,9.52039915129599,0.13006250000000008,7.826553731024131
07_relaxed_arms,34,24.75,1.9876872332438864,6.288942677429877,0.1736875,8.439247191261886
07_relaxed_arms,35,25.25,2.383772434260148,13.230585776903267,0.18899999999999995,18.448489572903693
07_relaxed_arms,36,26.1,1.4683155192703659,6.336623706675255,0.16200000000000003,9.858606162598496
07_relaxed_arms,37,26.45,2.239225013278903,2.423303530307304,0.6119375000000002,0.4541503634817948
07_relaxed_arms,38,27.2,2.479111042236526,6.0326445278997625,0.15812500000000007,21.586955365977985
07_relaxed_arms,39,28.3,2.438714916735271,11.154998879426055,0.6912499999999999,4.194662073912844
07_relaxed_arms,40,28.9,1.1633407012475685,5.974244722138863,0.46343749999999995,4.271063045080637
07_relaxed_arms,41,29.85,2.066068973402879,8.595370847147777,0.009818181818181726,22.987543570833562
08_slightly_irregular_pace,1,2.4,1.9096015195150386,6.645810710515334,0.003562500000000135,17.42392940637478
08_slightly_irregular_pace,2,2.95,1.969856345030404,6.293393361295602,0.021937499999999943,13.00718321543247
08_slightly_irregular_pace,3,3.95,1.21997306125935,4.233249342998804,0.2973125000000001,9.509381984430357
08_slightly_irregular_pace,4,5.45,1.0380128372095954,5.02732533261974,0.10725000000000007,7.901108289909695
08_slightly_irregular_pace,5,6.25,1.4266195651922267,3.0858386218336284,0.3189375,2.26722733213794
08_slightly_irregular_pace,6,6.7,2.242965412195973,7.038664646081696,0.4758125000000001,10.490725841774344
08_slightly_irregular_pace,7,7.45,1.2225341044122848,5.044482133975715,0.1763125000000001,7.305957538469393
08_slightly_irregular_pace,8,7.95,1.1170544733469734,4.400499971594154,0.23993750000000003,8.706652824914965
08_slightly_irregular_pace,9,8.65,0.8267792094944532,1.9652989594460921,0.18581249999999994,4.687924473210359
08_slightly_irregular_pace,10,9.25,2.1830913017043225,1.5412981541544548,0.12631250000000005,1.8083620877545534
08_slightly_irregular_pace,11,9.85,0.6941928873397933,3.970541524779794,0.09918749999999998,4.686651120130383
08_slightly_irregular_pace,12,10.5,3.1458566951160236,5.904201893566904,0.030874999999999986,15.737240612416109
08_slightly_irregular_pace,13,11.0,0.911486159497437,3.7208601156183763,0.06075000000000008,6.191831896981869
08_slightly_irregular_pace,14,11.75,1.1337023647185154,2.439016195108149,0.0831249999999999,3.2492600088877444
08_slightly_irregular_pace,15,12.25,0.8024856969417661,2.0976176963402726,0.03656250000000005,5.137567110109418
08_slightly_irregular_pace,16,12.95,1.4901409167681188,6.357641071970148,0.34081249999999996,12.046667828694028
08_slightly_irregular_pace,17,13.45,1.146511667450367,1.2517188182655357,0.006312499999999943,1.2457198857195464
08_slightly_irregular_pace,18,14.1,2.3888707837715875,6.730408605723872,0.07687500000000003,12.269805469475994
08_slightly_irregular_pace,19,14.65,0.98526482283629,5.3544374120909435,0.005937499999999929,3.1077861832747993
08_slightly_irregular_pace,20,15.2,2.001047466903128,3.4489998550305137,0.15231250000000007,8.53888338291493
08_slightly_irregular_pace,21,15.8,0.8548730485571219,2.069396047159624,0.17843750000000003,2.459378353779093
08_slightly_irregular_pace,22,16.4,1.9949301992891388,4.206185920760284,0.1781250000000001,9.14163180981326
08_slightly_irregular_pace,23,17.05,1.0549246157704693,5.16809442638186,0.18575000000000008,11.855212586778883
08_slightly_irregular_pace,24,17.6,2.202438463273738,9.354720733405006,0.17975000000000008,16.156143382273957
08_slightly_irregular_pace,25,18.15,0.9978276726667983,0.8248636250920984,0.2621875,1.2245617505880375
08_slightly_irregular_pace,26,18.9,2.7374102099884117,7.474409675687195,0.1131875,19.94314060962884
08_slightly_irregular_pace,27,20.25,0.7898450171253345,4.484417464955671,0.02112500000000006,8.669158536514804
08_slightly_irregular_pace,28,21.6,1.386144458484017,1.607606917128664,0.045499999999999985,4.428660352874599
08_slightly_irregular_pace,29,22.9,1.6355552744616724,5.996632388266275,0.2209374999999999,13.909653288558214
08_slightly_irregular_pace,30,23.4,1.0950405770510632,4.330773602949263,0.2517499999999999,7.777645658419808
08_slightly_irregular_pace,31,24.1,1.6952923003066174,5.5352687378300915,0.17156249999999995,13.50687983630285
08_slightly_irregular_pace,32,24.6,0.971520247601506,4.996238585175781,0.009437499999999988,6.613263827356864
08_slightly_irregular_pace,33,25.75,0.8321805366678192,6.720059523545809,0.260375,9.702519851247946
08_slightly_irregular_pace,34,26.3,2.4404569490954118,4.255584566190581,0.08024999999999993,11.182560065104287
08_slightly_irregular_pace,35,27.5,1.8380003490630203,2.1815590755237095,0.2450000000000001,3.9621404540905334
08_slightly_irregular_pace,36,28.05,1.700817123642986,7.370373124883056,0.0015000000000000568,14.305651127548018
08_slightly_irregular_pace,37,28.75,3.9492535251164274,10.263683549291498,0.5329999999999999,18.179421199437527
08_slightly_irregular_pace,38,29.35,1.3962974188806936,3.1694163500555934,0.00374999999999992,8.778825776723563
09_normal,1,1.15,1.5286587914619707,6.333750863430002,0.016000000000000014,12.42044399789995
09_normal,2,2.35,1.370078563307074,4.071265159627879,0.04687499999999989,8.930000587761745
09_normal,3,3.5,1.9592326431490312,11.122194028158331,0.052437500000000026,21.283786353022
09_normal,4,4.05,1.333162465507149,2.954928087111438,0.28774999999999995,3.578201315838212
09_normal,5,4.7,2.3568568558623384,9.579707719967278,0.08468749999999992,21.386446245928052
09_normal,6,5.25,1.6048416435305712,7.629338110216405,0.13475000000000015,9.149245665505523
09_normal,7,5.85,2.3030456191241657,9.20010869501011,0.08649999999999991,19.1605864225129
09_normal,8,6.45,1.0104009470695834,1.650333299670106,0.034812500000000135,4.41324623103838
09_normal,9,7.15,2.465650748357981,6.29999999999991,0.09068750000000003,8.583208141341725
09_normal,10,7.65,0.9097707736616346,2.908539152220537,0.14825,5.805220684070917
09_normal,11,8.3,1.3775131357693093,5.819621980850561,0.22262500000000007,12.67734579884711
09_normal,12,9.45,1.1360037871064483,2.0138520303140894,0.0005625000000000213,5.900977292787185
09_normal,13,10.05,0.8373841166165814,3.5831829425804687,0.15025,6.554070438827326
09_normal,14,10.65,1.8285422010116132,3.768766376415444,0.0011249999999999316,10.971873830706024
09_normal,15,11.9,1.612199112174349,5.857815292410561,0.2678124999999999,12.156266755589463
09_normal,16,13.0,1.9452582339572186,9.279827584605089,0.07356249999999986,17.478300303754033
09_normal,17,14.25,1.4941175979229229,4.105654637204585,0.0063750000000000195,11.368073740021101
09_normal,18,15.45,2.175685385871797,2.2055384830014217,0.07050000000000001,5.377904082597623
09_normal,19,16.1,1.7538840885467295,4.555128977317701,0.22112500000000002,7.686217454863446
09_normal,20,16.6,2.922463502583598,13.740873334689995,0.015562500000000035,24.00860599802448
09_normal,21,17.35,0.8444288164345167,3.051163712421825,0.01187500000000008,5.6182272615545745
09_normal,22,17.85,2.011475096252487,1.3199999999999803,0.02256249999999993,1.5866286354391188
09_normal,23,18.45,1.1439701256774741,2.873951982897377,0.09268750000000003,1.9760320833709613
09_normal,24,19.1,2.4552294721074626,6.749133277688235,0.2598750000000001,12.792546751546498
09_normal,25,20.35,2.272066997958951,4.231406385588543,0.0677500000000002,11.268668679500031
09_normal,26,21.5,2.6810696914947503,2.7586953438173976,0.0723125,8.498162127447557
09_normal,27,21.95,1.4837885140734262,9.451264465667938,0.39056250000000015,9.200743446972691
09_normal,28,22.65,1.5771760379322706,7.173339529117929,0.18237499999999995,11.976125481631652
09_normal,29,23.15,1.2113191836729063,2.24722050542455,0.27637500000000004,3.6946182031926367
09_normal,30,23.9,1.7364771606309075,8.498211576561753,0.23225000000000018,17.76895561703141
09_normal,31,24.4,1.184152949599851,6.135861797661701,0.1475000000000002,6.734050205693744
09_normal,32,25.0,2.019770234367827,6.152267874532036,0.374375,8.523332488876054
09_normal,33,26.3,1.899396915099364,0.5589275444992773,0.00506249999999997,1.5818698406560014
09_normal,34,26.8,1.4238777043756998,3.914843547320832,0.3408749999999998,6.847245748026854
09_normal,35,27.55,1.9365338582780638,5.4136124722775625,0.13293749999999993,13.006226171904968
09_normal,36,28.75,1.7648015915296993,8.238980519457373,0.08262499999999995,18.722492254710797
09_normal,37,29.45,0.8106361922598454,2.3037360959970767,0.14850000000000008,4.109534395183079
10_normal,1,1.35,1.063691188046137,3.583517824708002,0.13626666666666676,6.318730059821286
10_normal,2,2.35,1.3404749074638824,7.083727832151618,0.14006249999999998,17.422844429240254
10_normal,3,3.45,1.85136338841699,2.724922017232772,0.1221875,1.110331295720381
10_normal,4,3.95,1.1711009798833363,5.37802937887101,0.14637500000000014,4.67726637027726
10_normal,5,4.6,1.3530168080061482,4.842561305755474,0.24793749999999992,6.462830366518326
10_normal,6,5.05,1.2753172551958691,5.670449717615015,0.16500000000000004,6.35474056404799
10_normal,7,5.65,1.2331187702340036,5.178764331382462,0.2393749999999999,11.792958897149001
10_normal,8,6.15,0.885276202152502,5.830060033996135,0.062437499999999924,8.178147145490138
10_normal,9,6.85,0.8736727425858809,3.2877956140855353,0.1752499999999999,5.260876230928395
10_normal,10,7.85,1.798321415816109,8.218247988470564,0.11125000000000007,17.76942575032059
10_normal,11,8.35,1.8652420694049276,7.842958625416983,0.13356250000000003,8.740214074340109
10_normal,12,8.95,1.2707064240351091,7.3049572209563465,0.039437500000000014,20.40399253276305
10_normal,13,9.5,0.8618190071496149,3.240123454438072,0.1702499999999998,6.882229441807431
10_normal,14,10.15,1.7937374642474981,7.620629895225089,0.22118749999999987,17.488276093372583
10_normal,15,10.6,1.0945582009956962,6.038874067241471,0.03756249999999994,9.921662916509076
10_normal,16,11.25,2.7241108308406345,6.8208210649450915,0.2371249999999998,5.84404777727285
10_normal,17,11.85,1.5030742657724396,7.565553515771499,0.0286249999999999,3.6203493108200284
10_normal,18,12.35,1.399947295232445,5.505270202269939,0.20762499999999995,11.581550595166176
10_normal,19,12.9,1.7748390227222917,5.594783284453395,0.13474999999999993,8.792515702222088
10_normal,20,13.45,1.3706682844368459,5.582329262951204,0.21362499999999995,12.369572203291545
10_normal,21,14.0,1.2096276950264453,7.129123368268962,0.3356874999999999,14.013891280942275
10_normal,22,14.6,1.1508197181207358,4.675254003794971,0.24143749999999997,8.645838809917459
10_normal,23,15.2,0.7612380990141338,2.9749621846336756,0.18443750000000003,2.827830154471015
10_normal,24,15.65,1.3726722083287566,8.155930357721191,0.06768750000000001,15.79224497951949
10_normal,25,16.85,1.4275553714046598,6.539816511187355,0.09537499999999999,8.603600598015108
10_normal,26,17.55,1.0114384764005748,4.907504457460975,0.16549999999999998,3.699866039440434
10_normal,27,18.1,2.2602696016296044,9.291157086175948,0.39106249999999987,14.862310262866162
10_normal,28,18.65,1.013542834725165,4.908319468005594,0.23387499999999983,9.172380829093207
10_normal,29,19.2,1.936130286983771,10.386626016180468,0.10693750000000013,21.678431636768337
10_normal,30,19.85,1.048006254384826,6.121633768856068,0.3214374999999998,13.187098228294792
10_normal,31,20.35,1.1624187457015802,3.5314586221559594,0.22787500000000005,4.210127538530385
10_normal,32,21.0,0.8175862078105958,4.401863241855595,0.22599999999999998,5.281023922253776
10_normal,33,21.5,1.955056433000145,9.597291284523846,0.5895625,5.688367593948574
10_normal,34,22.1,0.7811541323636986,3.4041739086009826,0.20425000000000004,2.4409233767510377
10_normal,35,22.8,2.0773969566862123,8.813466968225264,0.26312500000000005,17.300498752028297
10_normal,36,24.0,1.3597886458297481,6.057359160558249,0.2211875000000001,11.288795416524621
10_normal,37,26.35,1.6555353098341952,4.489365211251968,0.19162499999999993,1.295961085919644
10_normal,38,26.85,1.0009186022062295,4.54598724151305,0.20081250000000006,3.4159950553275156
10_normal,39,27.2,1.0542666635294082,4.069692863103987,0.3173125,13.370436339551432
10_normal,40,28.7,3.28166092369811,14.487801765623178,0.033062499999999995,25.423661219198078
10_normal,41,29.2,0.9704737937864708,5.172465562959239,0.3651875000000002,4.883466801166065
10_normal,42,29.85,1.200514927645253,2.250422182613711,0.16936363636363638,4.76549323717514
11_arm_held_still,1,1.35,0.8791637384536397,1.3225732493892328,0.03986666666666672,2.6396990126212048
11_arm_held_still,2,2.45,1.0814748144728614,5.792615989343645,0.133625,6.1621488531369994
11_arm_held_still,3,3.15,2.556008872903657,5.000519972962829,0.06618749999999995,8.815531892443781
11_arm_held_still,4,4.3,1.6694085066449496,6.573005400880203,0.047687499999999994,16.258146196847893
11_arm_held_still,5,4.85,1.0202461327617307,5.90857004697416,0.026124999999999954,7.449785260301775
11_arm_held_still,6,5.5,3.667128383802814,11.454571139942383,0.03818749999999993,31.614141629604493
11_arm_held_still,7,6.0,2.3502470510851206,11.34749311522157,0.13449999999999995,2.4986445176815963
11_arm_held_still,8,6.6,4.509531587864441,19.500820495558713,0.22781249999999997,18.546850736029928
11_arm_held_still,9,7.15,1.8850557008235749,10.303106327705105,0.013437500000000102,13.658766352800004
11_arm_held_still,10,7.75,3.468951843430507,5.163138580359837,0.2664375,20.89346626308976
11_arm_held_still,11,8.9,2.277065935558237,7.0197435850605405,0.006750000000000034,19.122846541312096
11_arm_held_still,12,9.4,1.6036949360910793,3.211541685857389,0.31618750000000007,3.577476805490531
11_arm_held_still,13,10.1,2.064262554463738,7.614249798896964,0.03562500000000002,20.769043187863094
11_arm_held_still,14,11.15,1.7208713114466763,6.21800611128671,0.30925,6.141100820273029
11_arm_held_still,15,11.9,1.0972336755092968,4.5135795107652,0.061249999999999805,11.903156323162577
11_arm_held_still,16,12.35,3.298722621453667,15.066744837555643,0.2233750000000001,24.828182812051804
11_arm_held_still,17,13.0,0.8634234777400621,5.687354393740475,0.09012500000000023,13.901584039293292
11_arm_held_still,18,13.55,3.0738825897642186,13.705984094547706,0.2578125,19.529769916823625
11_arm_held_still,19,14.1,1.0763443388183664,7.086607086610782,0.03168750000000009,4.019604733064206
11_arm_held_still,20,14.7,2.856816803150569,14.25704036607909,0.3153125,29.508156172652075
11_arm_held_still,21,15.25,1.0042384387718983,6.66471304708603,0.049875,6.0713062321889115
11_arm_held_still,22,15.9,3.049416267568045,3.367491648096499,0.09562500000000007,10.111532121613838
11_arm_held_still,23,16.45,1.0187064344325087,7.6981556232644675,0.07293749999999999,4.417661601733547
11_arm_held_still,24,17.15,3.1116076910455863,12.727293506477269,0.09256249999999999,16.058309973749303
11_arm_held_still,25,18.35,2.2096548720765488,8.539906322671106,0.049687499999999996,8.53101329999703
11_arm_held_still,26,19.55,1.086641271476234,3.0486718419665513,0.09006250000000005,6.470559349498306
11_arm_held_still,27,20.1,1.2583139505690062,4.278083683145934,0.048374999999999946,9.154436827516049
11_arm_held_still,28,20.7,2.770203015606089,12.508940802481858,0.04168749999999988,20.612984503143704
11_arm_held_still,29,21.8,1.9663083462157378,9.537840426427643,0.03337499999999993,11.089692617408003
11_arm_held_still,30,22.35,2.0077452263074473,9.29503093055626,0.04143750000000013,3.8792238830256736
11_arm_held_still,31,23.0,2.4578033533087784,7.529488694459829,0.033749999999999836,20.642044163114758
11_arm_held_still,32,23.5,1.6616368763264953,8.541100631651517,0.014062500000000089,6.191735275266308
11_arm_held_still,33,24.1,2.172401982444621,11.51072543326424,0.008437500000000098,12.707479555530526
11_arm_held_still,34,24.6,0.8434354625285678,3.3979994114183825,0.2893125,4.552711582768795
11_arm_held_still,35,25.25,2.5284589075618484,12.67876965639787,0.09331250000000002,17.035193433615316
11_arm_held_still,36,25.8,1.8295846846845947,9.29535367804784,0.014124999999999943,8.37425527297353
11_arm_held_still,37,26.45,2.5402377370149534,8.200024390207512,0.13806249999999998,19.081728866920976
11_arm_held_still,38,26.9,1.2609030743604739,1.6853486286226707,0.3256874999999999,3.5330858268027363
11_arm_held_still,39,27.65,1.5011234612720852,3.866626436572547,0.14100000000000001,7.725675272016335
11_arm_held_still,40,28.25,1.2423498988484365,3.9837168574083606,0.02199999999999991,11.471582408701561
11_arm_held_still,41,28.85,1.652212113497163,7.443037014552488,0.05931249999999999,0.5348366076612814
11_arm_held_still,42,29.4,1.0684887315782097,6.024118192731958,0.049124999999999974,6.774964916341427
12_looking_at_phone,1,1.85,0.7907402765692884,3.3178908963376084,0.11443749999999997,8.220097505830323
12_looking_at_phone,2,2.55,0.8564957800966532,5.474157469419401,0.0694999999999999,14.468459220874152
12_looking_at_phone,3,3.05,1.5795786825723308,4.785561618033998,0.1989375,6.256733415031492
12_looking_at_phone,4,3.65,0.8930032126296886,5.55096388026442,0.026874999999999982,1.9639344477895422
12_looking_at_phone,5,4.3,2.3110899269057317,6.378996786329359,0.1823125000000001,20.86848688835354
12_looking_at_phone,6,4.8,2.9815785147001517,12.672032196928837,0.07543750000000005,22.285613874331
12_looking_at_phone,7,5.45,2.110929698144242,4.757898695853051,0.12612499999999993,16.012182146946547
12_looking_at_phone,8,5.9,1.7485223714701803,6.019767437368238,0.3694375,10.423712152424532
12_looking_at_phone,9,6.5,2.4177997711103942,9.123442332804027,0.2880625,20.98387943847039
12_looking_at_phone,10,7.05,1.0061705148387239,5.15511396576256,0.06031249999999999,10.844195168100287
12_looking_at_phone,11,7.65,0.9993956347741942,5.817903402429353,0.1424375,9.028911733078173
12_looking_at_phone,12,8.2,1.0129810189063562,6.444439463599748,0.047250000000000014,4.5892859246864495
12_looking_at_phone,13,8.8,1.7046978387625573,7.471679864662191,0.1988749999999999,18.3528093014401
12_looking_at_phone,14,9.3,1.3025233792106967,5.057509268404681,0.10306250000000006,11.392976790175439
12_looking_at_phone,15,9.95,2.88780882105316,7.520053191301401,0.005125000000000046,19.900283300094816
12_looking_at_phone,16,10.45,1.4629763081368508,8.350065868003856,0.107375,4.887135409604511
12_looking_at_phone,17,11.05,2.178047976428451,10.081170566952883,0.10831250000000003,12.505131941347457
12_looking_at_phone,18,12.25,0.8817540166211392,4.588594556070453,0.16387499999999988,13.165467453563982
12_looking_at_phone,19,12.8,1.3583593718505822,7.162597294278004,0.16575000000000006,12.56237395033764
12_looking_at_phone,20,13.4,2.0550962322433852,8.687139920595147,0.138625,19.858880900150687
12_looking_at_phone,21,13.9,1.9648501319687879,6.180938440075176,0.16518750000000004,10.58728932484133
12_looking_at_phone,22,14.55,1.3961883084048923,8.883085049688413,0.11312500000000003,15.950068795692108
12_looking_at_phone,23,15.7,1.0318620738462763,6.569109528695792,0.111375,13.364608401769434
12_looking_at_phone,24,16.2,1.965493549633522,7.28049448870051,0.1181875,11.907346924731725
12_looking_at_phone,25,16.8,0.8773559188977851,6.802675944067795,0.029687499999999978,4.2313871608722975
12_looking_at_phone,26,17.35,1.4226233024094537,5.709115518186603,0.13843749999999988,3.2873392845534326
12_looking_at_phone,27,18.05,1.5606105955640432,9.184726452105018,0.2339374999999999,8.902921891628669
12_looking_at_phone,28,18.6,0.7740965262158168,3.3699851631720423,0.052312499999999984,3.7113433170097654
12_looking_at_phone,29,19.3,1.263131184558705,4.6593991028886315,0.010499999999999954,12.416075908465082
12_looking_at_phone,30,19.8,2.712124924086101,7.713416882290125,0.2613749999999999,16.959243655876264
12_looking_at_phone,31,20.5,1.9385552036968623,5.016373191858763,0.03587499999999999,10.833933738928586
12_looking_at_phone,32,21.0,1.0745597567042644,5.566111748788298,0.0013125000000000497,2.816259164709437
12_looking_at_phone,33,21.65,3.5774749913696184,9.232139513677732,0.020937500000000053,27.58343671046216
12_looking_at_phone,34,22.75,0.8115467650431446,4.886962246631267,0.04249999999999998,13.707805818098755
12_looking_at_phone,35,24.0,1.689129304670099,7.25228239935529,0.1775,15.76384641138361
12_looking_at_phone,36,25.35,1.5256825431322227,5.8835023582895785,0.036250000000000115,14.746959929751792
12_looking_at_phone,37,25.8,1.3246994624747666,8.216690331270742,0.09118749999999987,2.291763408987627
12_looking_at_phone,38,26.45,1.2544167023622277,4.196998927805379,0.15412500000000007,12.767244822788985
12_looking_at_phone,39,26.95,1.2050353450070583,3.99829963859633,0.20706250000000015,9.015040083550998
12_looking_at_phone,40,27.6,1.6533931503441213,8.440734565190281,0.127625,7.797493112769349
12_looking_at_phone,41,29.1,0.9812592793574305,2.2045407685048297,0.03462500000000013,4.458078610806259
12_looking_at_phone,42,29.55,1.8031325806543699,7.406753674856377,0.057687500000000114,12.85071748098215
13_sensor_hand_in_pocket,1,1.95,2.4670280283561614,6.130220224429131,0.46050000000000013,11.970891481004795
13_sensor_hand_in_pocket,2,2.7,0.9421590015449657,9.451962759130986,0.20887499999999992,9.65689411913173
13_sensor_hand_in_pocket,3,3.35,1.4656587979045754,10.072457495566757,0.010812500000000003,28.419210795316037
13_sensor_hand_in_pocket,4,3.95,1.7572547525902047,6.435837163881599,0.3025,16.76249731015272
13_sensor_hand_in_pocket,5,4.45,1.285352414500192,9.75208695613409,0.13618750000000002,20.99042277545856
13_sensor_hand_in_pocket,6,5.0,1.7815451385879104,11.249639994239857,0.4758125000000001,13.728893958036865
13_sensor_hand_in_pocket,7,5.6,1.565244021195766,8.581887904185216,0.28193749999999995,17.680813557094293
13_sensor_hand_in_pocket,8,6.3,1.1709358689756122,7.544507936240799,0.10268750000000004,22.196864920289315
13_sensor_hand_in_pocket,9,6.7,1.4239343413489276,4.5054189594309815,0.26293749999999994,10.072090946083133
13_sensor_hand_in_pocket,10,7.45,1.9036240535243154,11.231972222187913,0.019500000000000073,32.932296990937246
13_sensor_hand_in_pocket,11,7.9,1.8636252631112449,8.18354446435028,0.46568750000000014,16.289291996624005
13_sensor_hand_in_pocket,12,8.7,1.1548865598667089,6.384011278185663,0.26474999999999993,2.0737606654953695
13_sensor_hand_in_pocket,13,9.05,1.6930310132533863,4.351183746981903,0.512875,7.322146747306505
13_sensor_hand_in_pocket,14,9.75,2.174586093730041,8.399285683913723,0.23762499999999998,18.173817764533542
13_sensor_hand_in_pocket,15,10.2,1.9912255065976163,4.714742834980605,0.41774999999999995,9.064853964325064
13_sensor_hand_in_pocket,16,10.95,1.5257568202731795,11.301044199542158,0.04837500000000017,21.951430272227753
13_sensor_hand_in_pocket,17,11.4,1.795210031685982,5.755484341043686,0.23124999999999996,9.381242546174407
13_sensor_hand_in_pocket,18,12.15,1.4929342324694395,9.84266224148717,0.08856249999999999,9.622682645347238
13_sensor_hand_in_pocket,19,12.65,1.3737639358549345,7.634395850360285,0.28368749999999987,16.14288632352341
13_sensor_hand_in_pocket,20,13.4,1.6423618746733146,6.567465264468383,0.14212499999999995,18.483526249862493
13_sensor_hand_in_pocket,21,13.8,1.1586206686584075,7.873830071826431,0.19306250000000003,14.750410782395436
13_sensor_hand_in_pocket,22,14.45,1.1999686537572363,7.444783408535289,0.05206250000000001,6.945181317701583
13_sensor_hand_in_pocket,23,14.95,1.6641155595104762,7.304656049397691,0.403625,15.196463295591773
13_sensor_hand_in_pocket,24,15.6,2.2853971470240153,14.903435845468973,0.013437500000000102,3.590924698857377
13_sensor_hand_in_pocket,25,16.1,2.1126654564576426,7.468708054275409,0.6116874999999999,5.938018146536827
13_sensor_hand_in_pocket,26,16.8,1.692477797985419,7.154103717447669,0.31818749999999985,16.133071666401108
13_sensor_hand_in_pocket,27,17.35,1.376727840786258,6.029096117993058,0.020437499999999886,13.759073039833536
13_sensor_hand_in_pocket,28,18.05,0.8704534474034498,5.094546103432501,0.028374999999999928,13.003740420410763
13_sensor_hand_in_pocket,29,18.55,0.7832693375028175,3.5171010790137447,0.024124999999999952,5.864200824351531
13_sensor_hand_in_pocket,30,19.2,1.4785322617727106,9.973946059609364,0.14881250000000013,17.007389412800837
13_sensor_hand_in_pocket,31,19.75,1.186131791009714,9.732132345996805,0.06274999999999997,16.281807442271337
13_sensor_hand_in_pocket,32,20.35,1.9031021869067264,10.518364891940042,0.06131249999999999,17.952991256969256
13_sensor_hand_in_pocket,33,20.85,2.410690551407393,11.937202352310022,0.33406249999999993,23.435159160879184
13_sensor_hand_in_pocket,34,21.5,1.2988832207210999,11.603775247737099,0.09399999999999997,15.817767139273908
13_sensor_hand_in_pocket,35,22.0,1.0876641110060994,6.500738419595025,0.4382499999999999,12.815943963168802
13_sensor_hand_in_pocket,36,22.7,2.4684347799688915,12.21986906640148,0.42318749999999994,26.063530165012732
13_sensor_hand_in_pocket,37,23.2,1.2442290984132152,6.343563667214102,0.40775000000000006,12.86108297951782
13_sensor_hand_in_pocket,38,24.0,1.8110524744006498,7.074065309282816,0.208125,22.4230486646574
13_sensor_hand_in_pocket,39,24.5,1.0982108022147083,7.476336001010013,0.23768750000000016,16.020560997137032
13_sensor_hand_in_pocket,40,25.2,1.9464627244988566,9.497031115037869,0.19337499999999996,22.278252835628265
13_sensor_hand_in_pocket,41,25.65,0.8312355424904857,5.280113635141119,0.3249375000000001,8.858701909721095
13_sensor_hand_in_pocket,42,26.4,1.2927024941927718,10.890785095667505,0.008562500000000028,17.669317860572306
13_sensor_hand_in_pocket,43,26.9,1.941997833688818,9.326221099674287,0.5750625,14.239938454900724
13_sensor_hand_in_pocket,44,27.75,1.0287728668067448,6.395904939881363,0.19662500000000005,8.311115937269442
13_sensor_hand_in_pocket,45,28.1,0.7577092687946339,2.4652788888886024,0.3439375,1.3487341665083479
13_sensor_hand_in_pocket,46,28.85,1.6281828988841938,12.53783075336382,0.10793750000000002,15.250510865902086
13_sensor_hand_in_pocket,47,29.4,1.2233448946915206,11.176690028806123,0.1542499999999999,22.850958713083934
14_carrying_a_light_object,1,1.7,0.9262228103319202,2.7846005099475204,0.00031249999999993783,5.430105220511907
14_carrying_a_light_object,2,2.15,0.7858145919358374,2.886173937932373,0.16774999999999995,7.104634634134592
14_carrying_a_light_object,3,2.7,4.34849505532347,9.3204720910477,0.023062499999999986,23.353216152121465
14_carrying_a_light_object,4,3.25,2.614533971311365,7.899189831875193,0.28918749999999993,10.657040044064031
14_carrying_a_light_object,5,3.9,3.227823651762943,2.630437226013965,0.06581249999999994,8.20806948301066
14_carrying_a_light_object,6,4.4,1.0295466538663798,4.549681307520274,0.32143750000000004,7.023797711231051
14_carrying_a_light_object,7,5.1,2.3577470369017184,3.606771409446418,0.022812499999999902,9.964488969217777
14_carrying_a_light_object,8,5.75,0.8726876604766275,1.2502799686470258,0.1468750000000001,2.556057596840392
14_carrying_a_light_object,9,6.25,3.2852780548806066,12.431781851367932,0.06812499999999999,24.08158837001896
14_carrying_a_light_object,10,6.75,2.2156223092548624,5.60060710994801,0.2635624999999999,0.8390807632127165
14_carrying_a_light_object,11,7.4,1.433129197024371,7.07200113122153,0.04862499999999992,11.067708289548627
14_carrying_a_light_object,12,8.6,1.9809062621814182,3.4582076282375676,0.10806249999999995,9.011459823526792
14_carrying_a_light_object,13,9.1,1.1688144304922952,0.7758865896508499,0.2664374999999999,1.6054855617400348
14_carrying_a_light_object,14,9.8,2.6737398079552697,8.172661745110835,0.17431249999999998,16.947175750686338
14_carrying_a_light_object,15,11.0,2.218998239587107,6.07861826404644,0.04299999999999993,14.49328074253884
14_carrying_a_light_object,16,12.1,1.1688447531128991,6.518005830006738,0.03387499999999999,15.358291342642653
14_carrying_a_light_object,17,13.4,1.4241730452667387,4.80857567269138,0.021312500000000068,3.5918209837304604
14_carrying_a_light_object,18,14.4,1.7436873487322366,7.861730089490369,0.38175000000000003,6.86184670420234
14_carrying_a_light_object,19,15.0,1.849147103811364,2.2542404485768244,0.33906249999999993,4.824001530672551
14_carrying_a_light_object,20,15.65,2.4168964137422333,10.055943516149895,0.10731250000000003,22.38496436670035
14_carrying_a_light_object,21,16.2,0.9163232045608504,5.075746250552651,0.06943750000000004,7.191965592908672
14_carrying_a_light_object,22,16.85,4.302606819495517,7.918838298639404,0.05093749999999986,21.03567254664739
14_carrying_a_light_object,23,17.35,2.4437147282727145,5.971398496164778,0.2321875,10.386474036407662
14_carrying_a_light_object,24,18.15,2.337575584684929,6.339873815779347,0.05631249999999999,10.547870141546557
14_carrying_a_light_object,25,19.3,1.660261249860957,5.618611928225609,0.049562499999999954,8.118643102265011
14_carrying_a_light_object,26,19.85,0.9066030985394335,1.4794593607125328,0.228375,3.451668705175999
14_carrying_a_light_object,27,20.55,2.1147409310871446,2.438524143821389,0.0605,5.915134961091878
14_carrying_a_light_object,28,21.75,2.290030806651641,4.422623655704773,0.01849999999999996,12.442930096415454
14_carrying_a_light_object,29,22.9,1.9778018018222079,8.806134225641172,0.12568750000000006,20.320160981690396
14_carrying_a_light_object,30,23.4,1.4762630575466336,8.795930877400574,0.408625,7.9937442807625425
14_carrying_a_light_object,31,24.1,2.1065227000337483,8.956360868120361,0.061249999999999916,18.859296540307398
14_carrying_a_light_object,32,24.6,1.1997508297072266,5.79661970462088,0.3027500000000001,10.785171745176848
14_carrying_a_light_object,33,25.45,1.9571260911966875,3.743207181014643,0.018312499999999954,2.2152382407569258
14_carrying_a_light_object,34,25.85,1.3755010373385559,5.202614727230842,0.41656249999999995,5.421350712801782
14_carrying_a_light_object,35,26.55,2.3897770713687785,5.504688910374422,0.0979374999999999,15.945368934588165
14_carrying_a_light_object,36,27.05,1.0160222872709215,2.705402003399826,0.3164374999999999,3.5865955749934284
14_carrying_a_light_object,37,27.75,2.606980292154903,1.486741403203642,0.016249999999999987,3.457841017688513
14_carrying_a_light_object,38,29.1,3.8090922030866676,5.597499441714944,0.12924999999999998,15.829326740336946
14_carrying_a_light_object,39,29.6,1.0841092750569021,1.6687720036002265,0.27812499999999996,3.5062286585804188
15_frequent_gentle_turns,1,1.5,1.6812964830726258,3.3549366611010676,0.06249999999999989,9.893923282458317
15_frequent_gentle_turns,2,2.05,1.8580656032189529,6.011988023940189,0.10999999999999999,10.602216817138395
15_frequent_gentle_turns,3,2.6,1.4940963967634648,4.708375516035202,0.3086874999999999,5.790795660089453
15_frequent_gentle_turns,4,3.25,1.1982519224956512,4.156970050409326,0.215125,7.354963338396315
15_frequent_gentle_turns,5,4.65,1.209063772339389,3.2226697007294596,0.08849999999999991,1.0836569573069736
15_frequent_gentle_turns,6,5.1,1.0694447768246473,4.026015399871206,0.09981250000000008,8.164338823681915
15_frequent_gentle_turns,7,5.85,1.0723337517535565,4.082989101136583,0.13093749999999993,3.5708970177597705
15_frequent_gentle_turns,8,6.5,1.18749012222716,2.9302559615159995,0.15568749999999998,6.42243212789078
15_frequent_gentle_turns,9,7.0,4.169921393371993,12.410382749939707,0.16881249999999992,16.370817250525196
15_frequent_gentle_turns,10,7.5,2.80785317083658,4.857447889581539,0.5669999999999998,0.34836450696006016
15_frequent_gentle_turns,11,8.2,3.8519883783795485,4.12155310532337,0.10200000000000009,11.699852578485823
15_frequent_gentle_turns,12,8.7,2.6512653403149056,9.398404119849484,0.0420625,10.513955627251196
15_frequent_gentle_turns,13,9.4,2.034907147216832,5.3380520791763715,0.13549999999999995,13.567014947464793
15_frequent_gentle_turns,14,9.85,0.9645880816747118,3.80956690451823,0.23593750000000002,4.514527827082181
15_frequent_gentle_turns,15,10.55,1.9613605648655092,3.1610757662542204,0.01418750000000002,7.828822777481813
15_frequent_gentle_turns,16,11.05,0.9128518902035271,3.258036218337618,0.11824999999999997,4.9073618620561374
15_frequent_gentle_turns,17,11.9,2.867812689033723,7.79489576581998,0.09781250000000008,20.664958292800495
15_frequent_gentle_turns,18,13.15,3.9766616592369353,7.946949100126299,0.08950000000000002,21.49621423752575
15_frequent_gentle_turns,19,13.7,1.3932872324666103,6.534033976036685,0.025000000000000022,12.67740646330208
15_frequent_gentle_turns,20,14.35,3.275759410512279,3.1943074366755044,0.04525000000000001,9.527661993879269
15_frequent_gentle_turns,21,14.9,1.7547030270927284,4.232635113023505,0.1538124999999999,10.092249321194975
15_frequent_gentle_turns,22,15.5,4.329241560021063,7.257933590216881,0.023500000000000076,17.924586396981933
15_frequent_gentle_turns,23,16.15,1.8162057374022442,4.433057635538054,0.047374999999999945,8.933796179462806
15_frequent_gentle_turns,24,16.75,3.1527264606661607,8.948742928478712,0.04068749999999999,24.258104871009646
15_frequent_gentle_turns,25,17.3,1.6342456464343729,7.061727833894375,0.3641875000000001,8.271011365087196
15_frequent_gentle_turns,26,18.05,3.2197572045663683,3.2118530476968754,0.06624999999999992,7.739375567155293
15_frequent_gentle_turns,27,18.6,1.9458670861508045,3.928663895015653,0.006562500000000027,7.488504792187234
15_frequent_gentle_turns,28,19.15,2.7590599694330376,5.792305240575966,0.2295625,12.844916828531133
15_frequent_gentle_turns,29,19.85,1.1856699498123875,4.656221644208895,0.04712499999999986,10.579480887976596
15_frequent_gentle_turns,30,20.45,2.998704496163082,6.493381245545252,0.15881250000000002,9.834622144770826
15_frequent_gentle_turns,31,20.85,1.5449872301862282,5.298339362479453,0.3059375000000002,4.433269125095021
15_frequent_gentle_turns,32,21.65,1.1766133450162626,3.470158497821297,0.19637499999999997,5.798314510712744
15_frequent_gentle_turns,33,23.0,3.494478081378143,3.509814809929384,0.04512499999999997,8.860274367627468
15_frequent_gentle_turns,34,24.15,1.8717977445405343,5.088418221805568,0.2564374999999999,7.2141208780861765
15_frequent_gentle_turns,35,25.4,1.0333144273377923,5.738675805445342,0.037562500000000165,7.068092630418444
15_frequent_gentle_turns,36,27.1,2.224324261790851,6.413516975887633,0.12812500000000004,11.711214421467101
15_frequent_gentle_turns,37,28.25,3.0285553993910335,3.6041642581879687,0.06412499999999999,11.027817042616096
15_frequent_gentle_turns,38,28.75,1.792550359801757,3.409281449220594,0.25243749999999987,6.847122681006849
16_slow_02,1,1.1,0.7888051415801035,2.5889766317987473,0.07640000000000002,4.256891494436889
16_slow_02,2,2.2,1.151421641217983,4.244997055358202,0.014562500000000034,12.381862226446849
16_slow_02,3,2.9,0.8597891018924847,0.9911609354691137,0.020312500000000067,2.1091338123320233
16_slow_02,4,3.55,1.8072676237196401,5.461867812388011,0.11681249999999999,12.074308947609644
16_slow_02,5,4.0,0.8916705939033832,4.234335839302324,0.06699999999999995,7.8278848375455174
16_slow_02,6,4.45,2.039036739396565,2.526182891241259,0.03037500000000004,5.382940531648854
16_slow_02,7,6.05,1.9084457654265303,2.947541348310497,0.059687500000000004,6.8344249035891815
16_slow_02,8,7.45,2.526251815165736,5.890365014156616,0.17037500000000005,10.418823127429762
16_slow_02,9,8.15,1.221053518739669,2.579767431378226,0.207125,5.837522785224639
16_slow_02,10,9.0,2.2925122962687787,2.856781405708138,0.038812499999999917,7.462158133917105
16_slow_02,11,10.35,1.6015970599541924,2.3793276361191285,0.15718749999999992,5.946286402732786
16_slow_02,12,11.15,0.9738524409748043,3.180503104856166,0.015437499999999993,5.320287231526875
16_slow_02,13,11.95,3.0586664616002577,3.081687849215168,0.06781249999999994,8.469770820729405
16_slow_02,14,12.95,1.1621747207367499,2.2614154859291613,0.06162500000000004,6.370515178464647
16_slow_02,15,13.45,2.5605729334426344,4.431072105032915,0.1736875,8.677054967794671
16_slow_02,16,14.95,2.8468859221337053,4.582444762351305,0.2359374999999999,8.48248487185306
16_slow_02,17,16.5,1.9872746560189718,4.022834821366588,0.12031249999999982,10.04824504172683
16_slow_02,18,17.9,1.4180559335236615,3.500057142390875,0.21106249999999993,6.690538735706399
16_slow_02,19,18.85,1.2913587560933932,3.3323265146140293,0.10243749999999996,5.404805778473877
16_slow_02,20,19.4,2.8511518111653924,3.5755279330472938,0.10656250000000012,9.078338785851022
16_slow_02,21,20.1,0.9150386004376495,3.6820646382158477,0.06637500000000007,9.186394388576964
16_slow_02,22,20.9,2.7617833993581264,4.215827320942122,0.08937499999999998,10.373581930935384
16_slow_02,23,21.5,1.0366720144172643,3.7163961037542292,0.11049999999999993,4.357455209782988
16_slow_02,24,22.25,1.7346377332204768,3.5219312883700113,0.06618749999999995,9.727307822834169
16_slow_02,25,23.7,1.2469253516124603,3.4249671531271155,0.074125,5.655529502905021
16_slow_02,26,24.85,0.745230530075383,2.4067405344157575,0.014562499999999923,3.8825225211469827
16_slow_02,27,25.25,2.7148884125375505,6.450209298929673,0.19656249999999986,12.886144950181322
16_slow_02,28,26.3,0.8742539812130361,2.147463620180763,0.0239999999999998,3.806843598337291
16_slow_02,29,26.9,2.1813822026787872,2.477902338672914,0.04793750000000008,4.506155026400851
16_slow_02,30,27.85,1.3511023054307885,2.69681293381647,0.015249999999999986,7.673813880289316
16_slow_02,31,28.35,1.3429286134029894,2.606606989939183,0.004437499999999983,7.148604634696169
16_slow_02,32,28.95,1.7768053583151175,3.0722630095744954,0.2786875,4.961873449517299
16_slow_02,33,29.75,1.7813842571567677,2.949847453682945,0.15961538461538471,8.413281690886802
17_slow_03,1,1.6,1.88276120913532,5.587199656357373,0.132625,8.84471205956442
17_slow_03,2,2.25,0.9732615651179907,2.1511857195509716,0.13375000000000004,5.125729232882433
17_slow_03,3,3.15,0.7337658751764126,1.9567319693816088,0.0370625,2.63099908356309
17_slow_03,4,5.7,0.9356140845004405,3.684182405907734,0.002874999999999961,9.170157496950905
17_slow_03,5,8.2,2.9681920903709282,2.498159322381233,0.13393750000000004,1.4017666305273924
17_slow_03,6,9.6,2.948026747111085,7.914973152197208,0.11250000000000016,11.218154713886673
17_slow_03,7,11.0,2.0910130867304173,4.38146094356659,0.32900000000000007,4.7816888798037365
17_slow_03,8,11.95,0.8955001278364839,3.2181982536817753,0.21437499999999998,2.0244721981561415
17_slow_03,9,12.5,1.7497752518582985,1.6051168181786417,0.22550000000000014,3.7931807234371924
17_slow_03,10,13.2,0.8838091142620024,2.8969639279770742,0.13406249999999997,5.473215120425877
17_slow_03,11,14.05,2.5627439374604255,3.689661231061682,0.1686249999999999,5.917658821135313
17_slow_03,12,14.8,1.019052390751624,0.528772162656084,0.14437499999999992,1.0850909506295878
17_slow_03,13,15.35,1.9925133186546873,0.4180908992073467,0.05118749999999994,0.4660053252441888
17_slow_03,14,16.8,2.977308657798602,6.750970300630771,0.1318125,13.31277588729295
17_slow_03,15,17.6,1.2619371042840561,2.6148804944011887,0.06887499999999991,4.893360020951172
17_slow_03,16,18.45,1.9166520760379677,5.182238898391237,0.2023124999999999,9.36186642162901
17_slow_03,17,19.25,1.2060586173967236,2.681342947106878,0.21468750000000014,4.43047268841457
17_slow_03,18,19.85,1.0816932822530454,2.0096765908971257,0.02618750000000003,5.437305117539584
17_slow_03,19,20.45,1.1101315601167163,1.4218298069740765,0.22512500000000002,1.9685177744610298
17_slow_03,20,21.35,1.8094478492859773,3.8639875776197288,0.039000000000000035,10.467054404187802
17_slow_03,21,22.15,1.9333702180884051,2.6926566806781773,0.14331250000000018,6.601217348840671
17_slow_03,22,22.85,1.2139294443296613,4.012031904160227,0.15337500000000015,5.950355565075752
17_slow_03,23,24.3,1.2089016961966574,0.7224956747275281,0.04393749999999996,2.01129475540003
17_slow_03,24,24.95,1.1878599243689416,2.8678214728256286,0.11506249999999985,1.4708697612728132
17_slow_03,25,25.75,0.7083459482657496,2.53377189186395,0.08506250000000004,4.964604788055876
17_slow_03,26,27.55,0.9497239453502871,2.598845897701479,0.08493750000000011,6.90082505744578
17_slow_03,27,28.4,1.7460173115341588,2.594224354214718,0.17693749999999997,2.0776533175354266
17_slow_03,28,29.1,1.6921858242717522,4.670460362747916,0.21324999999999994,6.121015864682974
17_slow_03,29,29.85,1.6521405160375597,2.6591728037116735,0.07654545454545447,6.69391909093316
18_fast_02,1,2.55,3.0341793305790468,11.120179854660664,0.21018749999999997,26.24959689234595
18_fast_02,2,2.9,1.203823047089987,6.303967004989816,0.4476874999999998,6.662028540370803
18_fast_02,3,3.4,1.4134035211963394,4.323100739052949,0.1646875000000001,9.594979687682288
18_fast_02,4,3.95,1.3985597477379315,9.511277516716618,0.07543750000000005,10.290731050715907
18_fast_02,5,4.55,1.4562858657659863,8.53250256372657,0.17800000000000016,13.60483813955095
18_fast_02,6,5.0,2.2527938955236118,10.67911981391729,0.06974999999999998,9.16214389146677
18_fast_02,7,5.55,2.602086103969302,11.095296300685302,0.2848124999999999,15.14908748096137
18_fast_02,8,5.9,1.3651806392683572,6.696894802817104,0.4489375000000002,3.8587816602387024
18_fast_02,9,6.55,1.8850779612800992,8.359354042029832,0.06787500000000013,20.444648058402894
18_fast_02,10,7.6,1.3654333316132616,5.821683605281228,0.08318750000000019,3.9582143880086234
18_fast_02,11,8.45,3.346088291646993,15.059707832491627,0.07518749999999996,41.9627072590359
18_fast_02,12,8.75,1.3796198704015679,4.981325124903944,0.03862499999999991,12.23264870010319
18_fast_02,13,9.7,1.2393893161851064,4.585586113028616,0.10475000000000001,13.468801481916557
18_fast_02,14,10.2,0.7683758008168105,3.959242351763865,0.16193750000000007,7.545198753777906
18_fast_02,15,12.25,1.1559334861252495,8.024038883255624,0.15637499999999993,9.270402354831816
18_fast_02,16,12.8,0.9221372978020733,8.018329002978001,0.15381250000000013,8.775482629056256
18_fast_02,17,14.0,0.902252072222697,4.982128059373753,0.06412499999999999,12.905076207108406
18_fast_02,18,15.4,1.5790469385586723,5.645104073442677,0.21018749999999997,6.181790903620017
18_fast_02,19,16.05,1.9155660918457371,8.288666961580613,0.11531249999999993,19.211082709409787
18_fast_02,20,16.45,1.0821575752058343,4.396817030534639,0.39349999999999996,6.742963474568419
18_fast_02,21,16.85,2.4475042079244758,9.422420071297896,0.2658750000000001,32.13733047014254
18_fast_02,22,17.55,0.7761551010965428,1.8228549037155724,0.2742500000000001,3.8186829581669985
18_fast_02,23,17.85,1.156208504355616,5.714752838049872,0.20418749999999997,14.666461542318078
18_fast_02,24,18.2,2.2142894572303464,9.170670640689133,0.2564375000000001,16.056751234331088
18_fast_02,25,18.65,0.8123480411418376,7.329201866506756,0.040562499999999835,6.640700508619925
18_fast_02,26,19.3,1.2339204770411356,6.593602960445735,0.16562500000000013,15.547950989052637
18_fast_02,27,19.7,0.9213201597188879,8.565932523665937,0.02287499999999998,1.8882555411761617
18_fast_02,28,20.3,1.7068320796024654,5.722586827650505,0.01781250000000001,6.679542590405031
18_fast_02,29,21.35,1.9124961133244467,10.873122826492704,0.10437499999999988,20.40343901440316
18_fast_02,30,22.05,1.075582484757885,6.320284803709314,0.03431249999999997,13.72581058918779
18_fast_02,31,22.95,0.9230081056875626,3.0308414673155917,0.0866874999999998,5.0094648946818365
18_fast_02,32,23.95,0.9529091394036674,7.320163932590477,0.08481249999999996,9.560555384785316
18_fast_02,33,24.55,1.480053971831121,2.400416630503929,0.07218749999999985,2.9156164336880956
18_fast_02,34,25.0,1.9002107304561269,12.763792539836873,0.02331250000000007,16.994414075394992
18_fast_02,35,26.05,2.6907367314232373,12.071868123865332,0.16418749999999993,10.834468611099643
18_fast_02,36,26.6,1.376174406798995,8.512249996328698,0.370375,15.188165819215566
18_fast_02,37,27.1,0.82146741642247,4.738143096192787,0.15625,9.175324040126316
18_fast_02,38,27.75,1.3168390293889123,4.121553105323225,0.15981250000000002,8.014107657541503
18_fast_02,39,28.05,2.099002403605529,8.568640498935519,0.7583125,5.963982266044048
18_fast_02,40,28.7,1.1243687996920821,4.009039785285194,0.06293749999999987,4.382350245051851
18_fast_02,41,29.1,1.0901612879009552,6.048867662629011,0.041749999999999954,4.561888162252864
18_fast_02,42,29.4,0.8865922668587393,7.584958800152215,0.08125000000000004,17.697307688379276
18_fast_02,43,29.7,1.6359551656629712,6.952898676091767,0.017857142857143016,4.0192806389244415
19_fast_03,1,1.2,1.083168019333303,4.063594467955676,0.3530000000000002,7.35276892219214
19_fast_03,2,1.85,2.1748857833071877,6.030655022466459,0.027124999999999844,15.486239903778232
19_fast_03,3,2.85,0.7307578137628798,5.26505460560474,0.1646875000000001,8.12883470600755
19_fast_03,4,3.9,1.2224342794496774,2.491425294886452,0.24774999999999991,3.3257708528844185
19_fast_03,5,4.3,1.6046103567154084,4.871591115847076,0.12018749999999989,10.485983749600182
19_fast_03,6,5.4,0.8827020203748844,3.9912404086949658,0.062249999999999917,6.1372118885257425
19_fast_03,7,5.95,1.0215244771610514,5.7947217362009935,0.196125,15.223581280139383
19_fast_03,8,6.3,1.5769252402875795,10.384392134352437,0.07162500000000005,11.602347134526156
19_fast_03,9,6.9,1.3548400229051916,4.881516157916444,0.05312500000000009,13.363385532394352
19_fast_03,10,7.3,1.2223885936408911,9.265527507918833,0.041437500000000016,10.995325025398207
19_fast_03,11,8.95,1.715433362532514,5.057825619769932,0.12818750000000012,6.490451527333812
19_fast_03,12,9.3,1.0453754017581465,3.4028811322171797,0.3845000000000003,6.248999353335798
19_fast_03,13,10.05,0.8735432948309799,3.1750905498898323,0.17193749999999997,9.359247420287476
19_fast_03,14,10.35,1.5026507603666648,9.512518068314186,0.018874999999999753,7.7638281011344095
19_fast_03,15,11.0,0.9573888757647585,4.167829171163269,0.009937499999999932,8.069456594063475
19_fast_03,16,11.4,0.8766812858279417,4.145648320829868,0.1832499999999999,7.545098821753671
19_fast_03,17,12.45,0.8303100626012035,2.457478382407514,0.06637499999999985,6.245963782045062
19_fast_03,18,13.05,0.9268839573477233,5.294449924213016,0.1021249999999998,12.225351744530643
19_fast_03,19,13.4,2.0753987509206233,12.192866767089509,0.6082500000000002,10.813217330132348
19_fast_03,20,14.05,0.9696550237459104,4.037226770940609,0.29800000000000004,8.831261393346455
19_fast_03,21,14.5,1.0614358746851524,7.831500494796529,0.4902500000000001,4.329595717355536
19_fast_03,22,15.6,0.7661971817471862,2.9206163733021095,0.3304999999999998,5.266105584911632
19_fast_03,23,16.2,2.3255065591301234,9.222689412530254,0.25112500000000004,16.24325428366649
19_fast_03,24,16.7,1.1933118085384387,7.83655536572021,0.18937499999999985,11.122577179605832
19_fast_03,25,17.4,1.2424439460717498,8.254404884666595,0.13806249999999998,19.811829511061358
19_fast_03,26,19.35,1.7193033289014787,9.223470062834139,0.02906249999999999,18.879370138941905
19_fast_03,27,20.35,1.0458915102127053,4.5086139777097145,0.271625,7.360459539670784
19_fast_03,28,21.45,1.1558371848044453,7.393023738633501,0.19874999999999998,16.15193989773112
19_fast_03,29,21.75,1.1584730280528828,6.106914114346044,0.04093750000000007,10.606162072101403
19_fast_03,30,23.05,3.7072318526271193,13.77345272616836,0.4631875000000001,21.48549670110303
19_fast_03,31,23.95,1.0803315125840194,7.670749637421258,0.14318750000000002,7.728030843409235
19_fast_03,32,24.55,2.0102571068702764,9.2304062749154,0.001875000000000071,26.193920383272825
19_fast_03,33,25.1,1.216462482858173,7.940604510992739,0.119,9.439694744467253
19_fast_03,34,25.45,0.9409316620943681,9.144637773033859,0.31918749999999996,4.2651828404117875
19_fast_03,35,26.1,2.0467419719784044,7.161619928479767,0.010874999999999968,18.47681797012175
19_fast_03,36,26.65,1.1722253152590347,4.887739763940251,0.06487500000000002,13.446127200208332
19_fast_03,37,27.15,0.7207728343729616,4.403316931587164,0.21481249999999996,10.335005613594568
19_fast_03,38,27.85,1.537978946455813,10.849387079461984,0.10456250000000011,23.828332303677477
19_fast_03,39,28.75,1.2166352718435745,4.593081754116663,0.0034374999999999822,11.503497784890651
19_fast_03,40,29.1,1.1287451488004834,6.774835791367838,0.3818124999999999,8.115346106529023
19_fast_03,41,29.85,3.6730272562295117,16.8248506679849,0.5178181818181817,26.961515603704456
20_large_arm_swings_02,1,1.3,1.711081358930338,6.750051851652691,0.012142857142857011,10.37352873082635
20_large_arm_swings_02,2,2.7,2.19623044737997,4.286443747443772,0.4388749999999999,13.522899508463706
20_large_arm_swings_02,3,3.45,1.0478065299158243,1.6302147097851776,0.4537500000000001,7.701641819268788
20_large_arm_swings_02,4,4.0,1.399692383059253,7.073386741865622,0.19031249999999988,14.894838535938044
20_large_arm_swings_02,5,5.25,2.526368591291472,6.164803322085814,0.2891250000000001,9.138243737351441
20_large_arm_swings_02,6,6.45,0.9456168619199598,3.8468688566157443,0.30118749999999994,2.606473521681597
20_large_arm_swings_02,7,7.85,2.392038686996393,11.324892935476294,0.09556249999999977,25.40011446300856
20_large_arm_swings_02,8,8.45,0.7895242797140084,6.089400627319702,0.12443749999999998,4.160338043749064
20_large_arm_swings_02,9,8.85,2.150790034234163,5.129171473054993,0.22937499999999988,8.397827723506992
20_large_arm_swings_02,10,9.25,1.1759052899965405,4.965037764206764,0.1572499999999999,10.137176267597853
20_large_arm_swings_02,11,9.65,1.27148248201146,11.159103906676219,0.25268749999999995,26.240086525668286
20_large_arm_swings_02,12,10.15,1.3540179707319882,5.06355606268947,0.4524374999999998,7.688343676104886
20_large_arm_swings_02,13,11.3,1.7188717879876474,5.501708825446794,0.16512499999999997,10.23465171958801
20_large_arm_swings_02,14,12.55,1.1803844144741025,6.3778052651361845,0.032312499999999966,17.66067186732877
20_large_arm_swings_02,15,13.25,5.6923049995748825,23.237710730620275,0.15681250000000002,57.53934971684594
20_large_arm_swings_02,16,13.85,1.1603327246854205,6.466343634543543,0.1655000000000001,8.510982446309207
20_large_arm_swings_02,17,14.7,3.0387373857582394,11.395806246159397,0.13993749999999983,19.225688143012242
20_large_arm_swings_02,18,15.15,1.4932027339986231,4.558157522508344,0.12087499999999995,11.23560291474189
20_large_arm_swings_02,19,15.9,0.9446093512811253,2.380084032129923,0.42012499999999986,4.514659075802832
20_large_arm_swings_02,20,16.45,1.9068253929598677,7.275328171292241,0.15949999999999998,17.741776260262316
20_large_arm_swings_02,21,17.2,0.952849244458377,4.725632232833966,0.2318125000000002,10.27620856674936
20_large_arm_swings_02,22,17.8,0.7593747177214137,4.276587424571078,0.1596875000000001,10.834845863520131
20_large_arm_swings_02,23,19.25,0.8862415493837393,2.8627958362411663,0.4926250000000001,3.819644764360782
20_large_arm_swings_02,24,20.35,1.0235534043963799,4.79691567572324,0.16437500000000005,4.474850470056564
20_large_arm_swings_02,25,21.75,1.1144487536884178,3.3873883745445665,0.15593750000000006,2.191297469408336
20_large_arm_swings_02,26,22.6,1.4971985195710158,8.359377967289074,0.24025000000000007,17.879733351118126
20_large_arm_swings_02,27,23.15,1.373853518513405,4.186215474626456,0.50475,4.5350902940080715
20_large_arm_swings_02,28,24.4,1.0858249682509604,5.350962530237271,0.3861874999999999,10.473022741167316
20_large_arm_swings_02,29,25.25,0.828364476482319,5.479890509855023,0.33725000000000005,2.7497546999766973
20_large_arm_swings_02,30,25.75,1.7610897067359097,2.724481602066674,0.36756250000000024,4.748953403960305
20_large_arm_swings_02,31,27.65,1.0401268261087029,5.830300163799789,0.05037499999999984,12.309186316265047
20_large_arm_swings_02,32,28.55,0.8494789675676658,8.035421581970553,0.4235,9.20743517162257
20_large_arm_swings_02,33,29.15,0.9858024144591133,6.49827669463257,0.15112500000000006,4.789969679549139
21_large_arm_swings_03,1,1.6,0.6738859826920152,4.976866484043948,0.25849999999999995,8.467304102705109
21_large_arm_swings_03,2,2.4,2.132832793095302,6.701402838212333,0.05512499999999998,13.686755059772006
21_large_arm_swings_03,3,2.8,1.676107009803682,9.26820370945744,0.4551249999999999,14.750819547393153
21_large_arm_swings_03,4,4.05,3.3439434376404784,8.504728096770673,0.08575000000000021,15.786348383361878
21_large_arm_swings_03,5,5.25,2.3987609550119413,8.29778283639675,0.17756250000000007,15.496840980245825
21_large_arm_swings_03,6,6.25,1.428958624432105,2.400916491675636,0.6591250000000001,2.5451668696473937
21_large_arm_swings_03,7,7.2,0.8379935860844617,5.591636611941108,0.2026874999999999,9.96850152025292
21_large_arm_swings_03,8,7.75,2.580649052510123,8.251181733545838,0.07043749999999993,19.04549655213432
21_large_arm_swings_03,9,9.05,0.6771223578802155,6.672300952445021,0.10468750000000016,14.549377613052945
21_large_arm_swings_03,10,9.75,0.7533354589903004,3.0901779884012703,0.26518750000000013,6.185696280134517
21_large_arm_swings_03,11,10.3,1.4387436836922662,5.922465702728806,0.017249999999999988,10.376988692898943
21_large_arm_swings_03,12,11.6,2.827927951462214,7.822633827554669,0.19956249999999998,28.598216603298177
21_large_arm_swings_03,13,12.85,2.3512274456702262,4.665876123516453,0.1933125,15.521685016133024
21_large_arm_swings_03,14,14.1,1.5520026261524495,10.582060290888762,0.1670625000000001,7.943111491300803
21_large_arm_swings_03,15,15.45,1.6670775864217078,2.3678682395775823,0.2718750000000001,4.382231529297911
21_large_arm_swings_03,16,16.75,1.3559386357327021,3.9631300760887918,0.014562500000000034,11.522343369203329
21_large_arm_swings_03,17,18.2,1.0445776827790458,4.400954441936367,0.1151875,11.222729724008095
21_large_arm_swings_03,18,19.5,1.324858392339361,7.0481203167935895,0.2902499999999999,7.577000725094629
21_large_arm_swings_03,19,20.45,0.6680558427702733,4.409716544178258,0.4208749999999999,7.5016921655826
21_large_arm_swings_03,20,21.0,1.7003092426747308,3.1319642398979783,0.16781249999999992,7.773208756103715
21_large_arm_swings_03,21,21.8,0.843139096754865,2.380168061293117,0.3063125,4.439957032101093
21_large_arm_swings_03,22,22.35,2.3300325404863265,6.987531753058344,0.0017500000000000293,20.857275404256345
21_large_arm_swings_03,23,23.7,1.5481801879263957,8.521525684993147,0.041312499999999974,3.4589815199638676
21_large_arm_swings_03,24,25.05,2.547928728859526,9.077114078824703,0.3611875,14.510575835183017
21_large_arm_swings_03,25,26.35,2.202520082992961,6.538623708396041,0.5996250000000001,9.787509621257744
21_large_arm_swings_03,26,27.05,2.442532826476832,13.154238860534464,0.1650625,19.43547533934298
21_large_arm_swings_03,27,27.5,1.3350102004306237,4.741476563265852,0.09762499999999996,9.597518312318908
21_large_arm_swings_03,28,28.85,2.084757871881497,7.910651047796143,0.29081250000000014,15.480232927830164
21_large_arm_swings_03,29,29.9,0.6981952339871533,1.1981652640600804,0.4386000000000001,3.981251199122161
