activity,recording,windowStart,windowEnd,samples,target,accelMagnitudeStd,gyroMagnitudeStd,accelMagnitudeRange,gyroMagnitudeRange,meanAccelJerk,maxAccelJerk,dominantAccelFrequency,dominantFrequencyPowerRatio,motionBandPower,accelRegularity
WALKING_IN_PLACE,1,1.0,3.0,34,1,0.09956175597384345,26.191772744806162,0.4099999999999999,92.45,1.0375272592555171,2.5423728813559334,0.9863701578192253,0.4260742416995622,4.831112275111679,0.12735464291049392
WALKING_IN_PLACE,1,3.0,5.0,33,1,0.08867248681161125,23.217918371744446,0.2899999999999999,84.33999999999999,0.8540928614429923,3.389830508474564,1.5238820896233156,0.7061593280328209,3.550955813820068,0.14501117969690608
WALKING_IN_PLACE,1,5.0,7.0,34,1,0.10213338520631941,28.74580760917679,0.33999999999999997,103.91,0.9287021366765724,2.666666666666647,1.479555236728838,0.39697589719272414,4.929456053663609,0.29112781074614197
WALKING_IN_PLACE,1,7.0,9.0,33,1,0.10540228590157916,31.015321969598663,0.42999999999999994,104.94,1.1332184287302032,3.220338983050886,1.5238820896233156,0.4606138020077864,4.931112766296807,0.20803727615372067
WALKING_IN_PLACE,1,9.0,11.0,34,1,0.10139511259489524,30.73488661283471,0.3799999999999999,95.77,0.9675935563586319,2.8813559322033373,1.479555236728838,0.6926183168760494,4.731442672548534,0.3918143590230923
WALKING_IN_PLACE,1,11.0,13.0,33,1,0.060256568061003615,26.261893586127965,0.23999999999999988,101.58,0.7700677850328809,2.203389830508437,1.0164538466425261,0.4179813360260409,1.205890413609748,0.18235618706028417
WALKING_IN_PLACE,1,13.0,15.0,34,1,0.08171020189318838,24.099094349018735,0.33999999999999997,87.63,0.8374646717241866,2.4999999999999796,1.4780531501940875,0.7174417977497277,3.20461768857142,0.42860708632191546
WALKING_IN_PLACE,1,15.0,17.0,33,1,0.08951455653153652,25.0715966299667,0.33999999999999997,88.5,1.0571151129943466,2.6666666666666434,1.5254802879344027,0.8535368708421357,2.976765079958893,0.45948506379402565
WALKING_IN_PLACE,1,17.0,19.0,34,1,0.08213047683359384,25.952487530033412,0.33999999999999997,96.10000000000001,0.9615704137793645,3.3333333333334054,1.480307425461286,0.4680053239446076,2.8040720809336457,0.3988906231022873
WALKING_IN_PLACE,1,19.0,21.0,34,1,0.08014908254325778,21.980573744680292,0.3599999999999999,84.1,0.791822083014076,3.6666666666665253,1.4788038120276035,0.43227485647866876,2.570051069457298,0.08409879437904982
WALKING_IN_PLACE,1,21.0,23.0,33,1,0.0973911296760521,27.73295156947455,0.3799999999999999,101.49,1.0381500648328246,3.389830508474719,1.5238820896233132,0.3231441411021297,4.098172196449028,0.18460140654502274
WALKING_IN_PLACE,2,1.0,3.0,34,1,0.12818165364895218,32.50643050037073,0.5200000000000001,127.69999999999999,1.3907701924631921,3.2203389830508518,1.4773032500671497,0.26345980047455664,7.6727515456713515,0.2939324463312757
WALKING_IN_PLACE,2,3.0,5.0,33,1,0.15943598938365142,38.3933568873082,0.6900000000000001,137.51,1.5354351903306482,7.500000000000048,1.5191075243294563,0.3991783081536321,11.003439509118554,0.34820899022082447
WALKING_IN_PLACE,2,5.0,7.0,33,1,0.13453999442920347,35.05983077637359,0.49,130.69,1.273444012225618,4.067796610169541,1.5199012064215829,0.536799525985539,8.324630974789473,0.47222842261904757
WALKING_IN_PLACE,2,7.0,9.0,34,1,0.14953821652237279,39.91709357117011,0.5800000000000001,155.94,1.671432300218075,5.33333333333329,1.9647535127411289,0.43894334259743084,9.568101973402577,0.4217884468304479
WALKING_IN_PLACE,2,9.0,11.0,33,1,0.16400463609653548,37.531055514165146,0.6300000000000001,138.8,1.6500199708252312,5.245901639344268,1.5183146707155057,0.6239117156269108,13.149330591999066,0.34759287088298313
WALKING_IN_PLACE,2,11.0,13.0,34,1,0.1307739140998561,35.51068238443616,0.45999999999999996,121.05,1.2150667553557275,3.770491803278692,1.476554110488009,0.839086380948748,8.894443107028065,0.4512602321615758
WALKING_IN_PLACE,2,13.0,15.0,33,1,0.12964102446747727,37.32429811712098,0.45000000000000007,137.36,1.3852864221543038,4.499999999999963,1.5206957182911196,0.6731761159858357,6.680763533361242,0.558474884674441
WALKING_IN_PLACE,2,15.0,17.0,34,1,0.15516956903887227,39.353794553527436,0.6200000000000001,126.92,1.610299999158021,5.423728813559227,1.4810603793908197,0.3533292112973592,12.417624139881962,0.39240434099247856
WALKING_IN_PLACE,2,17.0,19.0,33,1,0.15074531699816704,40.537964183325215,0.65,158.64000000000001,1.6898309775544291,4.4999999999998295,1.5246807699637905,0.7492279905340609,9.883777681179929,0.47993137226809723
WALKING_IN_PLACE,2,19.0,21.0,34,1,0.13914127395437725,37.84907625613744,0.55,126.16,1.5409625569392253,3.7288135593221936,1.479555236728838,0.4768970361533108,8.785201149915611,0.3895176604633498
WALKING_IN_PLACE,2,21.0,23.0,33,1,0.1683567204112199,37.895704135418725,0.6800000000000002,137.26999999999998,1.7599043715847016,4.833333333333435,1.5246807699637905,0.5519389263811094,13.431986340393735,0.4150288759704763
WALKING_IN_PLACE,2,23.0,25.0,34,1,0.13012138330982984,29.64231593714714,0.52,112.77000000000001,1.419179289421031,4.000000000000085,1.478803812027606,0.6047050719662965,8.799137183911938,0.4703804149374601
WALKING_IN_PLACE,2,25.0,27.0,33,1,0.13284207018355282,36.15065890931442,0.4900000000000001,129.15,1.5404539455404331,4.000000000000087,1.5246807699637879,0.3923489943900987,6.9697364315656865,0.3086657621927372
WALKING_IN_PLACE,2,27.0,29.0,34,1,0.15760974097379574,37.30292678017077,0.68,134.45,1.6024077956559204,3.3898305084745153,1.4788038120276035,0.7415839650684628,11.926969440683951,0.2287075047319389
WALKING_IN_PLACE,2,29.0,31.0,33,1,0.11869894630145719,36.91315609050496,0.5800000000000001,114.63999999999999,1.320103385199595,3.559322033898459,2.0318427861644177,0.49678385140268955,5.544587919058889,0.2479771185794622
WALKING_IN_PLACE,3,1.0,3.0,34,1,0.13544109663406984,29.413882453169258,0.54,104.6,1.385978428351309,3.3333333333333317,0.9863701578192251,0.4111525089472757,9.450101337996097,0.3704051572529419
WALKING_IN_PLACE,3,3.0,5.0,33,1,0.10975638772510984,31.138717640131055,0.45999999999999996,116.37,1.3159610607831667,3.333333333333305,1.5270818420424717,0.5958466287114663,5.093282544436765,0.3924758231315332
WALKING_IN_PLACE,3,5.0,7.0,34,1,0.14371763213143726,38.649890648555896,0.61,147.54,1.5601892781664959,4.833333333333365,1.480307425461288,0.5896023842571325,10.477731754595867,0.20526028972625038
WALKING_IN_PLACE,3,7.0,9.0,33,1,0.11929160358144297,30.135379858099007,0.48,98.88000000000001,1.5923636195239383,4.499999999999963,1.5246807699637892,0.6365480871941462,3.40683676288242,0.3806009374248388
WALKING_IN_PLACE,3,9.0,11.0,34,1,0.13354754994714732,37.230501500181504,0.44999999999999996,135.48,1.3065989149623458,3.9999999999999667,0.9858692080184032,0.5293245908540473,9.360241048286166,0.3778307318503912
WALKING_IN_PLACE,3,11.0,13.0,33,1,0.1407131253818531,37.467598404637606,0.6100000000000001,141.84,1.6069408747800398,4.833333333333437,1.5246807699637892,0.41158903913272143,6.917534233048164,0.2581190714700897
WALKING_IN_PLACE,3,13.0,15.0,34,1,0.15567800145944932,41.01762822145491,0.6599999999999999,160.64,1.545039166322855,5.499999999999954,1.4803074254612874,0.6608582734410852,11.872815510829158,0.2825462733172251
WALKING_IN_PLACE,3,15.0,17.0,33,1,0.18413573465977767,48.09090599377508,0.7299999999999999,168.75,2.152035866444381,5.084745762711927,1.5254802879344027,0.3650548449920722,14.254984558236657,0.362858508494362
WALKING_IN_PLACE,3,17.0,19.0,34,1,0.1915101160969677,40.12924131665734,0.7699999999999999,130.82,1.8668120493627576,4.745762711864605,1.4803074254612885,0.7312006720177574,14.391951257168213,0.405039019966724
WALKING_IN_PLACE,3,19.0,21.0,34,1,0.18865027785730965,44.295563894247266,0.67,170.92999999999998,1.8198419314007048,4.406779661016871,1.4780531501940888,0.4351494910526119,18.029329159315665,0.4089923041903729
WALKING_IN_PLACE,3,21.0,23.0,33,1,0.15249320688177306,35.91141862293215,0.6000000000000001,149.60999999999999,2.005027438177265,4.754098360655741,1.5238820896233163,0.4118330026830929,8.621485989569925,0.3502664998096173
WALKING_IN_PLACE,3,23.0,25.0,34,1,0.13326515702209848,39.535430442757516,0.44000000000000006,139.26,1.7465527741993334,4.406779661016873,1.4788038120276035,0.7119329845584313,6.354490534334449,0.5605946734736971
WALKING_IN_PLACE,3,25.0,27.0,33,1,0.1308276963569563,36.79291944648829,0.43000000000000005,134.39999999999998,1.6255383439844466,4.333333333333168,1.5254802879344043,0.8288846543823193,6.660847134567901,0.33756634762579224
WALKING_IN_PLACE,3,27.0,29.0,34,1,0.14800197557832295,36.64445875489835,0.54,120.96000000000001,1.5195593051942005,3.8333333333334147,1.4803074254612885,0.4801130792746613,9.752709275295096,0.39660124111172734
WALKING_IN_PLACE,3,29.0,31.0,33,1,0.1449562170686388,39.93179275164043,0.6400000000000001,126.13,1.6972712327498471,5.000000000000106,1.5238820896233163,0.6758604730430793,9.244244472628013,0.36389830903518267
ARM_SWING,1,1.0,3.0,34,0,0.09112901991076275,29.510202317680744,0.33999999999999997,117.08,0.6651730631859208,2.2033898305084705,1.490918948224451,0.7232328791640179,4.004898262929066,0.20364950980392146
ARM_SWING,1,3.0,5.0,34,0,0.08557357869250425,26.77474460896747,0.35,99.94,0.680227169414779,1.8644067796610115,1.490918948224451,0.6805868982866689,3.1671649073302923,0.1275950535201558
ARM_SWING,1,5.0,7.0,34,0,0.10803369972752305,27.34689679579498,0.34999999999999987,86.63999999999999,0.6936991185968394,1.694915254237285,1.490918948224451,0.6961714514234146,5.600640931410621,0.2591217453480058
ARM_SWING,1,7.0,9.0,33,0,0.08959043632549031,31.506404835179154,0.35,95.81,0.7962935904928874,2.0338983050847075,1.5335218287247807,0.48983431667214666,4.085748828102449,0.05542658878737944
ARM_SWING,1,9.0,11.0,34,0,0.11995241270970289,31.466364863669334,0.3799999999999999,99.81,0.7958121712085934,2.8333333333333104,1.4893937114487739,0.8014940729262497,6.388880352414973,0.13255063225780864
ARM_SWING,1,11.0,13.0,34,0,0.12431438269140314,35.04462064386865,0.47,117.97,0.7765291724964435,2.7118644067796946,1.4871116986120287,0.688797283341065,6.81582534890413,0.17151624628379022
ARM_SWING,1,13.0,15.0,33,0,0.11745933004608886,34.31313172823317,0.41999999999999993,115.21,0.9285848379818138,2.999999999999976,1.5286867625280651,0.5630024905341678,7.085674955486891,0.2692330033290859
ARM_SWING,1,15.0,17.0,34,0,0.076617505927385,29.00775286684722,0.30999999999999994,100.5,0.5367127116176176,1.8644067796609816,1.4886322627210409,0.5825848718045348,2.768938076837653,0.19399975728576158
ARM_SWING,1,17.0,19.0,34,0,0.0965678311901083,25.436767860118355,0.30999999999999994,89.34,0.7249909970541164,1.8644067796609836,1.4855942376950773,0.6030287708841452,4.729499261515744,0.24786739400540347
ARM_SWING,1,19.0,21.0,34,0,0.09337204667536221,32.10622841217372,0.33999999999999997,99.91,0.7254566533197576,2.0338983050847075,1.4893937114487752,0.7126170600477303,4.4107155016777275,0.3517283322282712
ARM_SWING,1,21.0,23.0,33,0,0.0815798999353511,28.138365154572938,0.27000000000000013,92.23,0.5021825686732876,1.666666666666605,1.5367622340680973,0.5224806605746125,3.298190027367535,0.03692131313688766
ARM_SWING,1,23.0,25.0,34,0,0.08994663931395898,34.33213838806982,0.41000000000000003,119.94999999999999,0.7809775132977973,2.3728813559323023,1.4886322627210395,0.6040265641701011,3.351922719730799,0.09882730317467832
ARM_SWING,1,25.0,27.0,34,0,0.12218738799674511,34.65161485199803,0.43999999999999995,126.06,0.8649794260548231,3.220338983050789,1.4863525808485725,0.703027313554948,6.805039965231457,0.02096526375632407
ARM_SWING,1,27.0,29.0,34,0,0.09671060529471724,36.15342713250855,0.39,119.44000000000001,0.8223143179309207,3.389830508474721,1.4878715921728958,0.5310420660938695,4.1335724667167115,0.20754716981132068
ARM_SWING,1,29.0,31.0,33,0,0.11685580889909535,37.13399143295645,0.5,149.05,0.9268793834015211,2.372881355932304,1.533521828724779,0.4028829467705066,6.920443365416186,0.3846409979585508
ARM_SWING,2,1.0,3.0,34,0,0.1417512807897563,30.250657672509817,0.56,107.28,1.4244311933468887,4.5762711864407,1.4886322627210393,0.5608186055225447,10.015877143029437,0.42966095685734246
ARM_SWING,2,3.0,5.0,34,0,0.13398342096478058,33.61981608977114,0.5,113.47,1.0966621209169425,3.5593220338983214,1.4924473120873152,0.39287850722763107,9.31170509938697,0.4254076148578167
ARM_SWING,2,5.0,7.0,33,0,0.09638174024718693,31.020052973864782,0.30999999999999994,104.3,0.7548643580751997,2.033898305084742,1.534330648254699,0.8031769866161711,4.7960257275173515,0.27444758572059313
ARM_SWING,2,7.0,9.0,34,0,0.10259100104204893,31.470106930074312,0.3999999999999999,101.88,0.7564806451422472,2.1666666666666505,1.4916827386692388,0.6526620657619514,5.050657533661151,0.4294202738793513
ARM_SWING,2,9.0,11.0,34,0,0.11051311591357531,30.232692838431973,0.3899999999999999,94.57000000000001,0.8639699154018268,2.0000000000000444,1.4893937114487739,0.530318889400474,6.598755226595511,0.40533921524185396
ARM_SWING,2,11.0,13.0,34,0,0.10066775322710043,30.22793402778687,0.35,109.23,0.7434603191470507,2.333333333333316,1.4848366679665235,0.43977211004936967,5.292145548336494,0.4098897683342429
ARM_SWING,2,13.0,15.0,33,0,0.08209716745163177,29.96812236878341,0.35,105.45,0.6572393093707386,2.333333333333316,1.529490488481024,0.32203201576525076,3.250501661689286,0.1332795790819172
ARM_SWING,2,15.0,17.0,34,0,0.14779375182863713,38.07781007903717,0.54,128.54,1.1581231831397085,3.3333333333332082,1.4871116986120287,0.5220841241995702,11.766587406164726,0.41271401731124724
ARM_SWING,2,17.0,19.0,34,0,0.1149032991958454,33.916202042477565,0.41999999999999993,106.36,0.9162283265147119,2.4999999999999076,1.4901559395508455,0.6358203916561694,7.214533682629372,0.37520195728988726
ARM_SWING,2,19.0,21.0,34,0,0.11973911953661946,32.31723238052764,0.5,109.39,1.0286795482587427,2.7586206896551793,1.492447312087318,0.5938014737433056,6.654468972030131,0.25152709915576993
ARM_SWING,2,21.0,23.0,33,0,0.15058990218787913,38.75847068884092,0.51,126.76,1.1689618644067785,3.050847457627247,1.0218092409873234,0.4421799071378892,11.76849446397333,0.4551814407375722
ARM_SWING,2,23.0,25.0,34,0,0.13394758309615382,40.23176532083137,0.45999999999999996,121.44,1.0241662681756172,2.8333333333333943,1.4871116986120274,0.4713396594044617,9.868415761088814,0.38157116671719676
ARM_SWING,2,25.0,27.0,34,0,0.1190024860895844,36.14853598786186,0.47,121.44,0.8342867600611628,3.8333333333334147,1.9909502262443446,0.3966418984678558,6.7705867153600625,0.25453785003140467
ARM_SWING,2,27.0,29.0,34,0,0.13719382394524807,34.16255625934644,0.43999999999999995,113.74,1.0431492009516592,2.8333333333333925,0.9934372930338987,0.5317554900094339,10.137808711977256,0.4380128512909687
ARM_SWING,2,29.0,31.0,33,0,0.10450284595049984,44.51487730591948,0.45999999999999996,149.54999999999998,0.7920197740112971,2.499999999999906,1.5270818420424739,0.5934149448598687,5.846895730474547,0.3846500964168799
ARM_SWING,3,1.0,3.0,34,0,0.16288276719085681,42.82185823339003,0.5800000000000001,153.37,1.594102922858038,4.666666666666663,1.4878715921728938,0.35092383491702056,13.108068412433283,0.3391394275841646
ARM_SWING,3,3.0,5.0,34,0,0.17101796785343848,46.57110567162335,0.6400000000000001,155.52999999999997,1.408635246618576,3.3898305084745664,1.4962819660238198,0.642534422630397,15.632439201777942,0.4045415786524193
ARM_SWING,3,5.0,7.0,34,0,0.1358734399928909,35.14864366596659,0.45999999999999996,134.64,1.0630088140316076,2.3728813559322326,1.4916827386692382,0.4853643249075115,10.378396797703983,0.4634836353854059
ARM_SWING,3,7.0,9.0,34,0,0.14433027531915268,40.16611836850043,0.52,125.86,1.3244514106583083,3.1666666666666883,1.9919717502188163,0.4850395531971423,10.937078450726087,0.44516266614033634
ARM_SWING,3,9.0,11.0,33,0,0.14676868477967608,44.62596634651135,0.56,162.38,1.2710433713228146,4.166666666666632,1.5351403214200054,0.2896795084364348,10.909681954911424,0.3323586789965285
ARM_SWING,3,11.0,13.0,34,0,0.1555534821633665,40.72102399550157,0.53,144.48,1.3478177449539204,2.666666666666647,1.4871116986120287,0.3222446345280612,12.738060776623975,0.4387660425322155
ARM_SWING,3,13.0,15.0,34,0,0.11045517652315462,35.46561498644542,0.41999999999999993,128.08,0.9727432123691615,2.0338983050847075,1.4901559395508468,0.4630600563847637,6.802750262142022,0.4185197604950259
ARM_SWING,3,15.0,17.0,34,0,0.06535503252861717,26.919842355718714,0.21999999999999986,89.72,0.38882394960711897,1.5254237288135795,0.9934372930338969,0.6001488941971738,1.3283946761640009,0.05178033624337492
ARM_SWING,3,17.0,19.0,33,0,0.09247837460958963,24.62892325680754,0.32999999999999996,88.37,0.7309839518799917,1.8965517241379364,1.540832049306624,0.38483800010663816,4.534942512393264,0.3963627513566315
ARM_SWING,3,19.0,21.0,34,0,0.10177490598320038,27.453407576168985,0.31999999999999995,91.09,0.6355725578402379,2.5423728813560422,0.9954751131221705,0.4789437783801937,5.5586049332858565,0.4387948397999588
ARM_SWING,3,21.0,23.0,34,0,0.07933329456349068,25.91413695490643,0.32999999999999996,89.75999999999999,0.540970783226774,2.068965517241385,1.487871592172893,0.4866095043396378,2.461858058003545,0.12988134392797254
ARM_SWING,3,23.0,25.0,34,0,0.11324255133352457,34.589558503100996,0.33999999999999997,115.47999999999999,0.7745426208313418,2.333333333333245,1.4855942376950773,0.5261386404732914,6.748919003730334,0.41968884367108594
ARM_SWING,3,25.0,27.0,33,0,0.11705837429920202,35.329596909878674,0.3899999999999999,115.69,0.8059918663549572,2.0338983050847115,1.0228870988364656,0.37486388249871316,6.718116899354787,0.38983324824554677
ARM_SWING,3,27.0,29.0,34,0,0.1133586036010528,38.183984872961425,0.4099999999999999,139.57,0.916107303307772,2.7118644067797786,1.4878715921728958,0.47771897727771206,6.827994018512529,0.2794462158399185
RANDOM_MOVEMENT,1,1.0,3.0,68,0,0.21905639688742493,63.08280229794207,1.17,207.72,11.991947868353433,78.88888888888978,0.9912415670493547,0.5230101187824896,52.030945128166465,0.4126118423928697
RANDOM_MOVEMENT,1,3.0,5.0,68,0,0.16821086823915876,63.38278548235104,1.04,214.61999999999998,18.983851374575178,280.00000000003087,1.9499512512187198,0.4190626476189712,26.57928905949434,0.2566220059192379
RANDOM_MOVEMENT,1,5.0,7.0,67,0,0.17111157560971996,92.10880975065487,0.95,283.63,25.17323764000166,410.00000000022726,1.006719087241361,0.33671429280416304,25.007660736699105,0.038826748947893175
RANDOM_MOVEMENT,1,7.0,9.0,68,0,0.11283197846054903,58.79167181502294,0.8,195.37,9.364092896532087,99.99999999987766,2.4522188865440073,0.4252661766688728,5.985025126450115,0.1842934209784775
RANDOM_MOVEMENT,1,9.0,11.0,67,0,0.0938835630597114,46.1078542797914,0.47,152.52,4.799890596422162,18.333333333332636,0.5096092223826548,0.4223944621278927,4.782192668092287,0.16860843960732438
RANDOM_MOVEMENT,1,11.0,13.0,68,0,0.07232424107967442,57.50697929660425,0.52,337.29999999999995,5.047585185866548,79.99999999990219,1.472819780415961,0.4038417482317957,2.660154232321106,0.13816544677009518
RANDOM_MOVEMENT,1,13.0,15.0,67,0,0.1627799266561,85.79050274161698,0.9700000000000001,277.93,20.73639902448847,180.0000000000997,1.495605221579666,0.6504498666368947,12.944105486743052,0.19017780842162352
RANDOM_MOVEMENT,1,15.0,17.0,68,0,0.10865806180152338,57.89572708859249,0.78,198.98000000000002,4.150704294930034,19.999999999999666,2.4843522885704954,0.4618094603139474,3.006978590898164,0.40229753282867026
RANDOM_MOVEMENT,1,17.0,19.0,67,0,0.17359088028458547,29.425199774643485,1.22,124.27,33.69808158148793,519.9999999993645,2.515512326010395,0.5701948865907335,12.459018173230252,0.25440364963531054
RANDOM_MOVEMENT,1,19.0,21.0,69,0,0.1732593996749365,59.254309804551596,1.2000000000000002,220.6,12.371116998241055,89.99999999988998,1.46017216955432,0.5195867756542553,32.62097766552858,0.2711165446582695
RANDOM_MOVEMENT,1,21.0,23.0,67,0,0.1509789839602957,65.07758833566702,1.0100000000000002,231.99,10.86271643212466,112.0000000000223,0.5096092223826548,0.27909438525436825,12.232141406158197,0.13511645137705794
RANDOM_MOVEMENT,1,23.0,25.0,68,0,0.23852138776668505,56.36633401483984,1.5,229.29,38.59513038959348,1100.0000000025636,2.4646730200460096,0.5007898050341386,38.127311121188654,0.3071218788221524
RANDOM_MOVEMENT,1,25.0,27.0,67,0,0.2308425973362197,72.31299299682944,1.49,239.82,10.414161960184789,38.75000000000426,1.528037166803006,0.3681161283578087,37.94221692844041,0.2015639785847396
RANDOM_MOVEMENT,1,27.0,29.0,68,0,0.14488712645285193,64.9660514651418,0.97,287.67,23.78572996376664,469.9999999994256,2.4671790424354807,0.3604850709002806,23.260783954804914,0.2486908702429115
RANDOM_MOVEMENT,1,29.0,31.0,67,0,0.0768452371040817,44.63914031911339,0.53,191.11,4.053761833254791,30.000000000016655,0.508819538670285,0.6071604185392966,3.5557062967498902,0.16994494789260864
RANDOM_MOVEMENT,1,31.0,33.0,43,0,0.03287223904015746,10.428203473784139,0.16000000000000014,41.1,4.556407007422036,69.99999999991451,2.4650681801784455,0.44355843088871094,0.3066961018669673,0.12367949344693556
RANDOM_MOVEMENT,1,33.0,35.0,34,0,0.0075788816039559625,1.4359778988381253,0.030000000000000027,6.470000000000001,0.13991463436232524,0.5084745762711472,2.007421375996102,0.34622106767135563,0.011662537122350741,0.24326718639262931
RANDOM_MOVEMENT,1,35.0,37.0,35,0,0.022738980286938923,2.77610347980983,0.15000000000000013,15.940000000000001,0.32162420783626144,2.586206896551734,2.924521539674572,0.259941613858684,0.0997606380388322,0.11680274256845138
RANDOM_MOVEMENT,2,1.0,3.0,34,0,0.11278635221370865,31.475067058971963,0.52,133.64,1.1250642013353875,3.2203389830508375,1.4818140996856755,0.48695124687634356,6.514053606434012,0.2027526077209984
RANDOM_MOVEMENT,2,3.0,5.0,33,0,0.09888078917726924,51.857693027850736,0.43000000000000005,205.93,1.0418432203389827,3.050847457627109,1.525480287934404,0.4715458985583496,4.293110655586815,0.37503714025183643
RANDOM_MOVEMENT,2,5.0,7.0,34,0,0.23158622569314402,54.010400431377896,1.04,192.38,2.6143639787707618,10.847457627118613,0.9873735862605469,0.338889306360609,23.565565164542427,0.14371302822179852
RANDOM_MOVEMENT,2,7.0,9.0,33,0,0.1295240988954334,27.401074965675413,0.67,128.38,1.9278778248587563,6.779661016949237,1.0175204299023815,0.46107748603622806,1.6750363916072393,0.19701365142425714
RANDOM_MOVEMENT,2,9.0,11.0,34,0,0.11005385595731149,26.341803589532002,0.53,100.62,1.5522170861153874,6.333333333333279,1.974747172521093,0.5619072220633559,2.521706375762868,0.14341000268462512
RANDOM_MOVEMENT,2,11.0,13.0,34,0,0.24461890422552846,39.52779493914206,1.12,155.17,2.442561205273071,16.66666666666653,1.481060379390821,0.4044539690923261,27.108996562480826,0.23969789728153812
RANDOM_MOVEMENT,2,13.0,15.0,33,0,0.2810883348242832,45.488556247642656,1.3399999999999999,159.88,3.2889300847457577,13.833333333333625,2.5438010747559536,0.4873060044931524,32.10639274437488,0.304710901132906
RANDOM_MOVEMENT,2,15.0,17.0,34,0,0.11575537982520513,54.26252427306003,0.51,212.08999999999997,1.4633624379387102,7.999999999999933,1.481814099685676,0.4707123141976504,2.7402123899219815,-0.0040034451958655065
RANDOM_MOVEMENT,2,17.0,19.0,33,0,0.08534917208380098,26.44601901887579,0.5700000000000001,97.19,1.1445974576271183,6.779661016949442,2.543801074755951,0.4452001569443563,1.5914350643273525,0.21345934638845096
RANDOM_MOVEMENT,2,19.0,21.0,34,0,0.06657007131184156,16.966772975660767,0.31999999999999995,74.47000000000001,0.9915254237288154,3.220338983050985,2.9621207587816394,0.44113070610688354,1.3484125987203022,0.22556559761072828
RANDOM_MOVEMENT,2,21.0,23.0,33,0,0.07619510021387457,15.493315884543737,0.39,63.309999999999995,1.311970338983047,6.1016949152544955,2.0350408598047607,0.4484408475047506,0.712547157958118,0.3406248681935133
RANDOM_MOVEMENT,2,23.0,25.0,34,0,0.08977721368412932,16.89636340400729,0.59,96.77,1.4777435370655696,6.499999999999754,2.9621207587816394,0.6398416182179439,1.3937613374663353,0.31033573851551305
RANDOM_MOVEMENT,2,25.0,27.0,34,0,0.07191221580515317,30.423102375193228,0.32999999999999996,100.9,0.7355760999828842,4.166666666666758,0.9873735862605465,0.31163237036943126,1.9143663461743525,0.17552005998364617
RANDOM_MOVEMENT,2,27.0,29.0,33,0,0.12009485079057118,29.112014279164303,0.59,121.17999999999999,1.914989406779669,7.118644067796484,0.5087602149511902,0.5747599489913177,2.22935219856652,0.38872418732221103
RANDOM_MOVEMENT,2,29.0,31.0,34,0,0.06997775227276731,48.24512881447472,0.3599999999999999,254.95999999999998,0.5955315870570148,2.3728813559323023,1.481814099685676,0.33019464850974833,2.5932819357055465,0.10569489242842417
RANDOM_MOVEMENT,3,1.0,3.0,34,0,0.08042060711312062,53.508082642204464,0.32999999999999996,179.87,1.0682246190720763,3.5593220338982947,0.987876066457117,0.7827765356228339,2.0848416282025792,0.16967902135976126
RANDOM_MOVEMENT,3,3.0,5.0,33,0,0.07816067367347154,15.733830308021508,0.33999999999999997,66.33999999999999,1.237199858757062,3.1666666666666865,1.5262806448535726,0.39231460674786794,1.7905251343051574,0.20585317460317454
RANDOM_MOVEMENT,3,5.0,7.0,34,0,0.1355406960171616,38.70915633055737,0.55,137.14,1.2392569765451116,4.833333333333292,1.4810603793908204,0.35009417848411833,4.365485688969451,0.04399383545631886
RANDOM_MOVEMENT,3,7.0,9.0,33,0,0.09311663154725407,26.984765626946444,0.45999999999999996,106.94,1.7557379943502847,5.99999999999995,1.017520429902382,0.3343197144191488,1.4300530662399416,0.12309723516620086
RANDOM_MOVEMENT,3,9.0,11.0,34,0,0.055724234507247256,30.658822977800096,0.25,129.08,0.7779489813388109,2.881355932203428,0.9873735862605474,0.43792233334652253,0.7447122699838868,0.18366457347369503
RANDOM_MOVEMENT,3,11.0,13.0,34,0,0.07309104622361268,34.226972892097855,0.29999999999999993,143.30999999999997,1.0732119752681022,3.220338983050888,2.4671790424354807,0.6306262474749912,1.6590023915603211,0.34980602341815975
RANDOM_MOVEMENT,3,13.0,15.0,33,0,0.05256680563034191,7.854359437097707,0.24,36.6,0.7507062146892656,2.5000000000000555,1.5262806448535722,0.47967700476270364,0.8808306948970206,0.18772129107101848
RANDOM_MOVEMENT,3,15.0,17.0,34,0,0.03345192284261869,30.8097145455881,0.18000000000000016,113.57,0.46361924328026094,1.5254237288135795,1.9757521329142345,0.25944388398179974,0.37366426666170327,0.1710957110116784
RANDOM_MOVEMENT,3,17.0,19.0,33,0,0.036765456698431766,25.63583295532118,0.17999999999999994,98.87,0.3096751412429372,1.5254237288135335,0.5087602149511902,0.4027394282382555,0.427133549113895,0.14859807312252973
RANDOM_MOVEMENT,3,19.0,21.0,34,0,0.09038364980597506,26.00823144252923,0.44999999999999996,95.66999999999999,1.3738229755178883,4.406779661016871,2.468433965651366,0.34954528166034476,2.823190412532617,0.2435711206842853
RANDOM_MOVEMENT,3,21.0,23.0,33,0,0.06233002598730081,33.68109462274387,0.2599999999999999,122.72,1.185646186440675,4.406779661016869,2.543801074755951,0.45588506207268037,0.6210483802192888,0.22663956383347536
RANDOM_MOVEMENT,3,23.0,25.0,34,0,0.10192651196244505,37.630904012057776,0.6300000000000001,149.44,1.3452319808252016,8.474576271186802,2.9621207587816394,0.5744026316133766,1.278292793837836,0.1643169320485548
RANDOM_MOVEMENT,3,25.0,27.0,34,0,0.08232772723256897,18.216178453216976,0.39,65.09,1.0645437425098465,5.084745762711773,1.974747172521093,0.34357708750319527,1.4925270998670592,0.27466095688837106
RANDOM_MOVEMENT,3,27.0,29.0,33,0,0.03624475516979859,4.950026926678207,0.19999999999999996,20.27,0.5342514124293782,2.333333333333385,2.0350408598047607,0.3315281411848627,0.2805740713951237,0.17343221110871063
RANDOM_MOVEMENT,3,29.0,31.0,34,0,0.034311064322578196,9.86606236508241,0.18000000000000005,37.02,0.6174456428693706,2.3728813559321615,2.4696901661427932,0.32764569667919025,0.12197219329314923,0.26350425540191835
RANDOM_MOVEMENT,3,31.0,33.0,33,0,0.06719624371853405,17.03888096814062,0.3699999999999999,74.0,1.019420903954801,4.237288135593145,1.0175204299023823,0.30407388864685936,1.1748207166488815,0.283315954632964
RANDOM_MOVEMENT,3,33.0,35.0,34,0,0.06528351795256578,16.304190794294186,0.33999999999999997,69.13,1.052302687895904,4.833333333333151,1.9747471725210999,0.3923289241809082,0.7278618113685273,0.17434058140589997
RANDOM_MOVEMENT,3,35.0,37.0,33,0,0.04190592463772736,7.707740447752334,0.17999999999999994,27.740000000000002,0.6353283898305067,1.3559322033898893,2.0350408598047647,0.44936657869163893,0.507261956981193,0.21316701843788322
RANDOM_MOVEMENT,3,37.0,39.0,34,0,0.12822888543079336,53.97713076629069,0.7,214.22,1.4534326313987387,9.83333333333296,0.9873735862605465,0.32642959170874014,4.914918812831759,0.09614524640014305
STILL,1,1.0,3.0,34,0,0.02391051657259138,5.714879988870915,0.13000000000000012,20.25,0.2679867051579503,0.8620689655172413,1.5047879616963065,0.36556655648661024,0.2324766293338132,0.1249543848406362
STILL,1,3.0,5.0,35,0,0.005495824017620389,1.8475143809332317,0.020000000000000018,6.800000000000001,0.11061944233844152,0.34482758620689785,0.9768009768009767,0.38586901565931153,0.004611141073369112,0.3281853281853271
STILL,1,5.0,7.0,34,0,0.006362737544936457,2.65502064061207,0.020000000000000018,16.21,0.1036135758520328,0.34482758620689785,2.5079799361605106,0.4749935389248096,0.00865335178785213,0.2870789341377592
STILL,1,7.0,9.0,34,0,0.0054866935606404845,2.833653601547658,0.020000000000000018,16.669999999999998,0.1087437791119846,0.17241379310344893,2.005347593582887,0.36051450856082967,0.0044996717056314285,0.17613252197430704
STILL,1,9.0,11.0,34,0,0.005998846486579752,0.7376600172424029,0.030000000000000027,2.66,0.11396843950905938,0.34482758620689785,2.0043123082996757,0.5511157340811628,0.00782198519638947,0.19739819004524917
STILL,1,11.0,13.0,34,0,0.005948161298869618,1.007882128070066,0.020000000000000018,4.09,0.10839562377598035,0.3389830508474621,1.5047879616963076,0.3264976639710355,0.005258916048184207,0.3407162375952817
STILL,1,13.0,15.0,34,0,0.006362737544936457,1.4005017637659078,0.030000000000000027,6.49,0.10325640980228955,0.34482758620689785,1.5040106951871657,0.35965528296960564,0.006117104042432444,0.20940170940170946
STILL,1,15.0,17.0,34,0,0.019440709258424418,2.9234030627212575,0.09000000000000008,12.11,0.2838141791969962,1.0169491525423864,2.5079799361605106,0.3889020128211126,0.1266042554508581,0.18093385214007843
STILL,1,17.0,19.0,34,0,0.00913660268647593,2.7296083378757277,0.040000000000000036,16.009999999999998,0.149835585545697,0.34482758620689785,1.5055660319970792,0.3457725866027958,0.026195197045396624,0.14105455653764104
STILL,1,19.0,21.0,34,0,0.021069993751261555,3.7139290790417965,0.09999999999999998,15.469999999999999,0.22272107397764965,1.2068965517241406,1.0037106879980529,0.4173824760905,0.1665730686012334,0.05859428728623205
STILL,1,21.0,23.0,35,0,0.023996598398395522,6.323545092004346,0.13000000000000012,24.63,0.34164747137896784,1.0344827586206937,2.9259896729776287,0.3188836464775539,0.2075715462456903,0.1851796346551097
STILL,1,23.0,25.0,34,0,0.008488746876271661,2.9177252124257547,0.040000000000000036,15.909999999999998,0.08811079822184385,0.34482758620689785,1.0042299382246431,0.5606256763770163,0.025607595924732954,0.26530612244898144
STILL,1,25.0,27.0,34,0,0.006809315825170727,2.0054854057815454,0.030000000000000027,8.57,0.09306979792076239,0.3389830508474519,1.5055660319970792,0.659514834146186,0.016669475535124035,0.2820456540825289
STILL,1,27.0,29.0,34,0,0.030281265120550016,5.493314149584088,0.16000000000000003,21.19,0.45029488337495266,2.241379310344834,2.5079799361605124,0.3720571938575373,0.16108606831266456,0.17701442841287438
STILL,2,1.0,3.0,34,0,0.02778438983204599,6.451167814936346,0.14,23.16,0.3818459286022117,1.3559322033898311,2.505390385374594,0.32848061770615966,0.3042450243514788,0.1554169852611603
STILL,2,3.0,5.0,34,0,0.018435804640252747,3.8320235513720284,0.08000000000000007,13.469999999999999,0.2779962099073733,0.8474576271186425,1.0006064281382656,0.3866475962803656,0.08091406561823627,0.12913029808512874
STILL,2,5.0,7.0,34,0,0.01746969694696178,5.355083960261807,0.07000000000000006,20.16,0.257696780782696,0.6896551724137957,0.9995759374810687,0.4422157417057041,0.09036065692249463,0.14038948912898505
STILL,2,7.0,9.0,34,0,0.024558383229586027,10.624415591499593,0.09000000000000008,41.94,0.2474335778343902,0.6896551724137957,1.500909642207399,0.5236816753226827,0.27760168681979475,0.33012723161553775
STILL,2,9.0,11.0,35,0,0.016999399749306893,8.442456040750226,0.08000000000000007,27.37,0.2406835754080775,0.6666666666666617,2.438324727481355,0.48783894368190406,0.11675229592352825,0.09322033898305082
STILL,2,11.0,13.0,34,0,0.007352941176470595,2.94248395938042,0.030000000000000027,16.87,0.13424720613499058,0.34482758620689785,1.000606428138265,0.40759167930822043,0.010322714402449456,0.2327058823529414
STILL,2,13.0,15.0,34,0,0.014590725593897028,3.2424018714825853,0.07000000000000006,17.1,0.12875983682529557,0.5084745762711932,1.5040106951871657,0.5943416842093318,0.0997514549477986,0.19327389631187727
STILL,2,15.0,17.0,34,0,0.010356951095093544,1.814447116644722,0.040000000000000036,6.85,0.15558861555354878,0.5172413793103469,1.5047879616963076,0.5510326538915649,0.03180650028751817,0.21385199240986755
STILL,2,17.0,19.0,34,0,0.054076070986039636,6.565259181036714,0.36,28.75,0.5690835886627829,5.000000000000015,2.5066844919786098,0.6491966763676239,0.47025715270453383,0.2730202482128813
STILL,2,19.0,21.0,34,0,0.005882352941176476,1.2220375520198685,0.020000000000000018,5.41,0.10856962376541596,0.34482758620689785,1.5047879616963047,0.5220817457083554,0.005535550173591924,0.15852941176470647
STILL,2,21.0,23.0,34,0,0.005800906742151776,3.9562744174836997,0.030000000000000027,15.93,0.07766147742769577,0.34482758620689785,1.5071245889660196,0.4654909207749354,0.007582009344400605,0.1367004385301684
STILL,2,23.0,25.0,34,0,0.0071622327422858414,3.985544381115437,0.030000000000000027,17.29,0.09838301188388818,0.3389830508474519,2.0094994519546927,0.4899610472898936,0.01921093842409933,0.23430215256422596
STILL,2,25.0,27.0,34,0,0.00771463355800236,3.438679234661578,0.030000000000000027,16.23,0.13938331296601383,0.5084745762712084,2.0053475935828877,0.43437433984574547,0.0061205599051478415,0.26436388508891934
STILL,2,27.0,29.0,34,0,0.014372696144553679,6.757403430650524,0.06000000000000005,21.23,0.2122628978268955,0.6896551724137957,1.5047879616963076,0.4286991690561922,0.04967333042865063,0.2042073110651289
STILL,3,1.0,3.0,35,0,0.011556427666375258,1.1275179893582765,0.07000000000000006,5.66,0.13073136911105776,1.206896551724138,1.4615274394612408,0.22607366506537888,0.023275249634296953,0.07682500873210023
STILL,3,3.0,5.0,34,0,0.015507560384075388,2.785263494458651,0.10000000000000009,15.360000000000001,0.22749411118785762,1.3793103448275914,1.5047879616963065,0.3585460170587203,0.03769889795255835,0.26110876005078226
STILL,3,5.0,7.0,34,0,0.008867537312753734,1.1653027659506263,0.040000000000000036,4.95,0.1808263818783984,0.677966101694914,1.0031919744642042,0.5392519511443425,0.00873890647314832,0.29427942794279427
STILL,3,7.0,9.0,34,0,0.004292505740978364,2.666266083306319,0.020000000000000018,16.45,0.06721215663354788,0.17241379310344893,1.0037106879980533,0.7647869770291722,0.002262740838733442,0.2405412869373128
STILL,3,9.0,11.0,34,0,0.0033791544979635494,2.6690944254377955,0.020000000000000018,16.400000000000002,0.03612985494925903,0.17241379310344893,0.5018553439990269,0.4411633241144751,0.0020299023587077103,0.25133689839571927
STILL,3,11.0,13.0,34,0,0.006834676493307213,0.9585626223873234,0.030000000000000027,4.77,0.10334791515387667,0.34482758620689785,1.5047879616963062,0.3036921550051335,0.00943785181520305,0.17538126361655904
STILL,3,13.0,15.0,34,0,0.015577132561018085,3.427017035447252,0.09000000000000008,16.53,0.1759559357455322,1.2068965517241426,1.5047879616963062,0.2522527948610877,0.044907596568917435,0.10000000000000116
STILL,3,15.0,17.0,34,0,0.010427704647785797,2.7094344971077726,0.06000000000000005,11.89,0.1655095667369196,1.0169491525423864,1.5055660319970805,0.5192299208524577,0.01608141980165241,0.1898544620712245
STILL,3,17.0,19.0,34,0,0.005455069703232771,0.6152803395150633,0.030000000000000027,2.58,0.09307274970629746,0.5172413793103469,0.5021149691123216,0.3271407584849608,0.0029729027694084947,0.19254445964432418
STILL,3,19.0,21.0,35,0,0.003331972511340175,0.8168433017365305,0.020000000000000018,5.17,0.03515316120603707,0.17241379310344893,2.9259896729776287,0.32592759200535176,0.0024907423779086785,0.0037815126050370655
STILL,3,21.0,23.0,34,0,0.004043449142608098,2.753134545747741,0.010000000000000009,16.89,0.07243681703062187,0.17241379310344893,1.5040106951871657,0.5029558143117808,0.002386314222597452,0.3817304699657652
STILL,3,23.0,25.0,34,0,0.003541645464350678,3.669787997233175,0.010000000000000009,16.54,0.03621840851531062,0.17241379310344893,1.0042299382246431,0.3461436556950791,0.002171670048921239,0.16754563894523333
STILL,3,25.0,27.0,34,0,0.00235294117647059,2.6735887038012085,0.010000000000000009,16.75,0.020721534456192417,0.17241379310344893,1.5047879616963076,0.42644779314014597,0.0008155788095023214,0.48161764705882626
STILL,3,27.0,29.0,34,0,0.0066290750997556784,0.9375697897898821,0.030000000000000027,4.54,0.09811735118573155,0.5084745762711779,2.5092767199951322,0.4677952850050323,0.01157879519138802,0.27281148679944367
TYPING,1,1.0,3.0,34,0,0.0123529411764706,2.2978426206645572,0.07000000000000006,9.24,0.2118230817821704,1.1864406779660994,1.5047879616963065,0.28150036822704483,0.004992563287540106,0.13118580765639618
TYPING,1,3.0,5.0,35,0,0.0328061716443596,2.0185983417475906,0.19999999999999996,9.450000000000001,0.5010829580224848,3.220338983050862,2.439549400875368,0.4532659832630138,0.06751010207667428,0.15853415395284345
TYPING,1,5.0,7.0,34,0,0.02751690263812134,1.8729034876491748,0.14000000000000012,8.29,0.4957405734728939,2.2033898305084705,2.0074213759961066,0.5364257687064693,0.05563886070705463,0.2663691776264943
TYPING,1,7.0,9.0,34,0,0.017400234656175358,1.239680343048633,0.08000000000000007,5.890000000000001,0.341373997130865,1.016949152542371,2.509276719995133,0.5729185088570035,0.025657044827949456,0.2853781512605043
TYPING,1,9.0,11.0,34,0,0.04183506914516367,3.123133851102625,0.17000000000000004,17.39,0.7758295993246315,2.068965517241385,1.5063449073369646,0.630836612265972,0.20287417659417994,0.2291245086409411
TYPING,1,11.0,13.0,34,0,0.02001729356138067,2.9551452548916526,0.09000000000000008,16.47,0.41390231951307416,1.5254237288135795,1.5040106951871657,0.30226354232830166,0.043895294178465466,0.26366453317078115
TYPING,1,13.0,15.0,34,0,0.023008949665421132,1.568922006658004,0.1200000000000001,7.119999999999999,0.38751335682954613,1.5254237288135335,2.0074213759961075,0.38927107727821153,0.04301937857993106,0.21111111111111097
TYPING,1,15.0,17.0,34,0,0.025074284101114275,2.606573288430325,0.14000000000000012,15.780000000000001,0.44551299080813944,2.0689655172413874,1.5047879616963047,0.48606063233964947,0.08764257002070426,0.1534688724141278
TYPING,1,17.0,19.0,34,0,0.02700121745300826,1.450015749824975,0.13000000000000012,5.869999999999999,0.41877276564593924,1.5254237288135335,1.0042299382246431,0.38065529828856465,0.16422228713881823,0.23782070967922056
TYPING,1,19.0,21.0,35,0,0.014955716946631325,2.3274686959467887,0.07000000000000006,14.18,0.30640836112352726,1.0344827586206937,2.925989672977624,0.4879321123861132,0.029186272753535653,0.2773722627737219
TYPING,1,21.0,23.0,34,0,0.015432070143935196,2.7894025386256733,0.09000000000000008,16.81,0.28443405415936324,1.5254237288136254,2.0084598764492863,0.6106503174265212,0.010998428600143334,0.1611504027691721
TYPING,1,23.0,25.0,34,0,0.02832247569965919,1.4369202757608834,0.18999999999999995,6.11,0.37246251310048917,3.220338983050789,2.0094994519546963,0.44656495263876234,0.09638350982936053,0.24971612714966354
TYPING,1,25.0,27.0,34,0,0.010862461948599652,2.766155502312872,0.06000000000000005,16.09,0.23219055733128835,1.0169491525424168,1.0037106879980529,0.35072698831976834,0.008451799201634566,0.24176298085216466
TYPING,1,27.0,29.0,34,0,0.026892069295676405,1.1535215001078534,0.16000000000000014,6.06,0.42337755108064945,2.3728813559321633,1.5047879616963076,0.4010250450595533,0.08783678087766543,0.21543765831691541
TYPING,1,29.0,31.0,34,0,0.040622321577928354,2.3384635663638362,0.24,9.760000000000002,0.7235888989249603,4.13793103448277,2.0053475935828877,0.5068829190065077,0.23693465211844314,0.25872361945407224
TYPING,1,31.0,33.0,34,0,0.02904030131293445,1.7798261306552732,0.13000000000000012,8.17,0.48571630979579117,1.6949152542372594,2.0074213759961057,0.4248295955272441,0.16785777560277693,0.14597877308683235
TYPING,1,33.0,35.0,34,0,0.0075788816039559625,1.4359778988381253,0.030000000000000027,6.470000000000001,0.13991463436232524,0.5084745762711472,2.007421375996102,0.34622106767135563,0.011662537122350741,0.24326718639262931
TYPING,1,35.0,37.0,35,0,0.022738980286938923,2.77610347980983,0.15000000000000013,15.940000000000001,0.32162420783626144,2.586206896551734,2.924521539674572,0.259941613858684,0.0997606380388322,0.11680274256845138
TYPING,2,1.0,3.0,34,0,0.03555783825813512,3.722744690101869,0.18000000000000005,18.720000000000002,0.7282910932823273,2.586206896551734,1.5009096422073984,0.44688160913464336,0.1134625982277559,0.21913133069319674
TYPING,2,3.0,5.0,34,0,0.02862023142916257,4.773065687308663,0.15000000000000013,18.619999999999997,0.5239596431881653,1.5254237288135564,2.4950854377740814,0.5079687727308817,0.16613073355817704,0.28276481149012594
TYPING,2,5.0,7.0,34,0,0.02989601355193663,3.4341305442798347,0.17000000000000004,16.95,0.4503189637306332,2.4137931034482483,2.5015160703456636,0.3594111162987186,0.15254580035064966,0.15775090524014487
TYPING,2,7.0,9.0,34,0,0.05509428847745808,3.924152752759456,0.2899999999999999,15.999999999999998,1.0684253404884623,4.915254237288194,2.5002272933903087,0.42605027406577534,0.1901868308130587,0.25123174180613017
TYPING,2,9.0,11.0,34,0,0.051062245751401,3.246364429160783,0.23999999999999988,17.19,1.009746795836801,3.898305084745691,1.9981229753867582,0.3895389266931514,0.121047296714521,0.1754089114495206
TYPING,2,11.0,13.0,34,0,0.02036008035279623,4.072514260852169,0.1200000000000001,17.08,0.2837403845586201,1.5517241379310405,1.9981229753867582,0.358154668608124,0.10696232992226207,0.12466856525581888
TYPING,2,13.0,15.0,34,0,0.02160714030386083,3.0094428665090165,0.13,17.0,0.3567144265566248,1.5517241379310385,2.0001818347122478,0.5443060296599959,0.06782091939814446,0.3267556049657218
TYPING,2,15.0,17.0,34,0,0.03673174993499762,3.6638479309190295,0.18999999999999995,17.450000000000003,0.6193229784696784,2.2413793103448323,1.5016837059733654,0.3354735490494949,0.2510839985491017,0.2016601986053123
TYPING,2,17.0,19.0,35,0,0.028462650069513793,3.5765019508007585,0.1100000000000001,17.89,0.6158249389761746,1.8644067796609853,1.9487032526149881,0.5143041671676514,0.08821019002970883,0.28198595036563606
TYPING,2,19.0,21.0,34,0,0.027976757530809707,2.5282732903010756,0.13000000000000012,10.39,0.5987372261480998,1.8644067796609853,1.003191974464205,0.4642142976319105,0.04683835262334905,0.23690643366099753
TYPING,2,21.0,23.0,34,0,0.025491704329435847,3.2116570764125156,0.16000000000000014,17.509999999999998,0.47607577823825753,2.0689655172413874,2.0074213759961057,0.36687108102947097,0.0421226985037578,0.14243876464323751
TYPING,2,23.0,25.0,34,0,0.027130659121367893,3.495407070461936,0.1200000000000001,18.290000000000003,0.5573738554451576,1.5517241379310405,2.5066844919786098,0.28308634868829974,0.04451871556694534,0.15236116776008796
TYPING,2,25.0,27.0,34,0,0.0232780693381287,2.3097026614010394,0.14000000000000012,9.48,0.3726452130893974,2.413793103448285,2.5066844919786098,0.5949682750333488,0.03190489421056625,0.2802005859815191
TYPING,2,27.0,29.0,34,0,0.033858038661548635,3.0623719378633854,0.15000000000000013,16.419999999999998,0.5900442177473145,2.586206896551734,2.00638394892841,0.48203643957075404,0.06936236332749797,0.15588324070950443
TYPING,2,29.0,31.0,34,0,0.018703662465393716,5.73942443282157,0.1100000000000001,22.43,0.34173116318060953,1.3559322033898893,0.5021149691123216,0.3891006979659167,0.03456420145359322,0.2219119101646603
TYPING,2,31.0,33.0,34,0,0.015599330124913097,1.675173621121003,0.09000000000000008,8.06,0.27921250090495286,1.5254237288134416,0.5021149691123216,0.462733711880015,0.020454234012822394,0.16045252085903733
TYPING,3,1.0,3.0,34,0,0.026932248713415055,2.87727596087294,0.13000000000000012,11.75,0.48477764199564366,1.379310344827581,2.4989398437026717,0.34452302733828305,0.17706994800359996,0.24527693009225157
TYPING,3,3.0,5.0,34,0,0.03681995848124431,4.687451000897305,0.20000000000000007,16.63,0.614600121613564,3.389830508474568,2.5028061766222724,0.3000520361271557,0.18007858185870082,0.20103293997537758
TYPING,3,5.0,7.0,34,0,0.03046496654932043,3.7559379976531204,0.13000000000000012,14.38,0.6330251669234721,1.694915254237285,2.9987278124432057,0.4785377325520394,0.0810469003078589,0.22230842192408684
TYPING,3,7.0,9.0,34,0,0.044663292406419336,4.314629334899796,0.23999999999999988,17.46,0.8446799969301415,4.067796610169417,2.9987278124432057,0.46288606551709005,0.10147724289278093,0.30291311667772053
TYPING,3,9.0,11.0,34,0,0.052362854315924454,2.848262567597875,0.29999999999999993,9.84,0.9691136036609589,5.0847457627119255,0.5000454586780615,0.4482582403422075,0.165059904423985,0.17544243845948274
TYPING,3,11.0,13.0,34,0,0.044702979781934944,3.2643227252634324,0.27,16.59,0.69372273288112,3.050847457627155,0.9985475671750187,0.43267297431845547,0.25488682040210753,0.12554842291013665
TYPING,3,13.0,15.0,34,0,0.03769298669082541,4.546273398796975,0.20999999999999996,17.05,0.5724515759582955,3.3898305084745153,2.000181834712246,0.3244850306190554,0.15785298346391352,0.1588421535199566
TYPING,3,15.0,17.0,34,0,0.03771134217605791,1.7178162688611418,0.18999999999999995,7.890000000000001,0.7524662168145507,2.542372881355889,2.495085437774081,0.456236814673883,0.1129395669079663,0.3197724345212536
TYPING,3,17.0,19.0,34,0,0.021055619210700524,3.278947316095534,0.15000000000000002,16.759999999999998,0.2578768397003368,1.8644067796610957,2.995642701525056,0.3558049631652335,0.08389110153940833,0.12260545193687221
TYPING,3,19.0,21.0,34,0,0.04251297379831799,3.2109312240002144,0.2300000000000001,12.74,0.756926364758041,2.93103448275863,2.5002272933903096,0.2967840538746624,0.22047091796192853,0.15541090317331205
TYPING,3,21.0,23.0,34,0,0.031059714782221408,2.732094143382416,0.16000000000000014,11.290000000000001,0.5772836488792054,2.0338983050847115,2.5040976142779057,0.4458079578647515,0.08498854847590151,0.2591463414634146
TYPING,3,23.0,25.0,34,0,0.03963173905450568,3.7380801212761052,0.2400000000000001,16.59,0.6808618033048224,3.7931034482758745,1.500136376034186,0.39134371151357206,0.2683497652363298,0.1541700008747234
TYPING,3,25.0,27.0,35,0,0.009839528775841473,3.859889244472157,0.050000000000000044,16.200000000000003,0.13012686079692012,0.6779661016949446,2.924521539674577,0.35802739992557603,0.020797867341524157,0.17542760780534822
TYPING,3,27.0,29.0,34,0,0.005068731746945323,3.698660107619448,0.030000000000000027,16.619999999999997,0.07208555455194902,0.3389830508474519,2.5066844919786098,0.40396519666232666,0.0035949814449564225,0.20459496930084875
TYPING,3,29.0,31.0,34,0,0.04179783276115416,11.111779750402421,0.30999999999999994,46.68,0.4429272266794179,3.965517241379324,2.502806176622273,0.42721014050580547,0.3267058828410263,0.13468013468013476
TYPING,3,31.0,33.0,34,0,0.02754675170345437,3.0732486784258715,0.13000000000000012,13.799999999999999,0.5330070212102885,2.0338983050847115,2.0084598764492863,0.3133702407320709,0.04906586125847284,0.3100775193798449
